[{"id":"6282279915237@s.whatsapp.net","name":"#GRKOWTK","seri":"d3gXjSpE68","premium":false},{"id":"15028786322@s.whatsapp.net","name":"#GRAgvJB","seri":"xRa7SYfgkJ","premium":false},{"id":"6281915061498@s.whatsapp.net","name":"#GR0GYtG","seri":"xhtDRuvTyn","premium":false},{"id":"6283834558105@s.whatsapp.net","name":"#GR00lZ9","seri":"QMckQ1wwLF","premium":false},{"id":"6282176532474@s.whatsapp.net","name":"#GR2XB1N","seri":"gBmK5xHC0d","premium":false},{"id":"62895364406642@s.whatsapp.net","name":"#Kaygho","seri":"NDUVLE67lL","premium":true}]