{
  "creds": {
    "noiseKey": {
      "private": {
        "type": "Buffer",
        "data": "mKDCh75YmG3OqMSy+HiDSy5TXjRRpIintdNabE2BeGs="
      },
      "public": {
        "type": "Buffer",
        "data": "ppmZaMUVoiM0u+cRWuUA35zhg6EEPRoHsjhHBvYwkic="
      }
    },
    "signedIdentityKey": {
      "private": {
        "type": "Buffer",
        "data": "CL9332V62olS032KmXVYg855zUS8BP25cNQEhkzULXk="
      },
      "public": {
        "type": "Buffer",
        "data": "4/PqyZghoHFAXaAWakR0ohHjtKJr/S+SUJW54idzMV8="
      }
    },
    "signedPreKey": {
      "keyPair": {
        "private": {
          "type": "Buffer",
          "data": "qCUzow4k4YWLgb3oMyV2YplPcW40MJJ4QLlGRPUBrn8="
        },
        "public": {
          "type": "Buffer",
          "data": "JEMyBlI3b4mKt5JFMIQHH5of4xMDkAnr4XAyVO9SMAI="
        }
      },
      "signature": {
        "type": "Buffer",
        "data": "EaaeIrqX0Gfb6YL1pH9QrflT/L9lfXh5i76Iyd+6y1DHj+uEhYCu2KzA0FdrNhxZBBWJJ7CYMBzQdohJ/5LQAw=="
      },
      "keyId": 1
    },
    "registrationId": 19,
    "advSecretKey": "SRvKKzyWNyLN87zAU1kQ4j5pNK/+fQh0IWwphDEzTf4=",
    "processedHistoryMessages": [
      {
        "key": {
          "remoteJid": "6285747209604@s.whatsapp.net",
          "fromMe": true,
          "id": "D80DD4E7B76EC775A9E74472CD73AA41"
        },
        "messageTimestamp": 1669335562
      }
    ],
    "nextPreKeyId": 31,
    "firstUnuploadedPreKeyId": 31,
    "accountSettings": {
      "unarchiveChats": false
    },
    "account": {
      "details": "CLialuADEP6TgJwGGAE=",
      "accountSignatureKey": "DZDaJ9P9B148HtTX7PYRV0CHrN3zLSL8JMS9w//+jy8=",
      "accountSignature": "heR+4BPdZtZmsKvH4FcA2wGo8JAM4HG+GmGDZRylQTImxBzNETwo8YQv5lcZCMaotOd1ZaZrJxaa3ThEmWKCCw==",
      "deviceSignature": "xoodUaBW+PaU/sZ+tfKk57tEQ45QfQ0UawitgJY+SJceANRQBt6jLjVZTSkevB+2u9kvQ/gOHE5PP9F3G8LJBA=="
    },
    "me": {
      "id": "6285747209604:1@s.whatsapp.net",
      "name": "Ghofams"
    },
    "signalIdentities": [
      {
        "identifier": {
          "name": "6285747209604:1@s.whatsapp.net",
          "deviceId": 0
        },
        "identifierKey": {
          "type": "Buffer",
          "data": "BQ2Q2ifT/QdePB7U1+z2EVdAh6zd8y0i/CTEvcP//o8v"
        }
      }
    ],
    "platform": "smba",
    "lastAccountSyncTimestamp": 1669335555,
    "myAppStateKeyId": "AAAAACxb"
  },
  "keys": {
    "preKeys": {
      "1": {
        "private": {
          "type": "Buffer",
          "data": "2GAsyGRhjq2wn7H0XlH+LR3Znf1u7YpHJ1FI9nQUiUY="
        },
        "public": {
          "type": "Buffer",
          "data": "24kyEbG1Sbdu31+sFI20MEKenF06BH6P892+iJTQHCg="
        }
      },
      "2": {
        "private": {
          "type": "Buffer",
          "data": "CGbH3IKNEdYVJWiY48bJQcEbxBkU/mAVevrclHfNuE8="
        },
        "public": {
          "type": "Buffer",
          "data": "/Y8N4tOmEcuzkZANDeAO0IIg+e/QkCqBWsom9O//sCM="
        }
      },
      "3": {
        "private": {
          "type": "Buffer",
          "data": "0PFb0t1GrL5Sp/ql5sV0ufptsmYu1VOXuO45QdOYp0I="
        },
        "public": {
          "type": "Buffer",
          "data": "kOtUFzHPEi6Q2Y73bjF1vXjp7rLq4YK9Oj0m32/BcnA="
        }
      },
      "4": {
        "private": {
          "type": "Buffer",
          "data": "oK/s6SaK/AXlodRHHeQHLgQ/wMZK5zD2l8H7/WpQnEk="
        },
        "public": {
          "type": "Buffer",
          "data": "kvxTSyb+dsXSRp4UXs/RYWT0Akk224KgcRbzWooR3Bg="
        }
      },
      "5": {
        "private": {
          "type": "Buffer",
          "data": "CO5+goJS0hOP9dkwRB/O0xywGAUaZ1SvJsY6pbEMRkU="
        },
        "public": {
          "type": "Buffer",
          "data": "0bPKrxFlPq0va534FaymDf+tmduBBFyA9cfJyWyW/Wc="
        }
      },
      "6": {
        "private": {
          "type": "Buffer",
          "data": "GLZl2/EXu2o54KvTZ/vUaChWCNCGHadHXbQCeZor3k4="
        },
        "public": {
          "type": "Buffer",
          "data": "WqKhobGSdAWIPLxhUDy9xG2QY08/Fd2ae5M8JbGRDGU="
        }
      },
      "7": {
        "private": {
          "type": "Buffer",
          "data": "OOCC+6M+xhG8LQakN+oErUzuaZe07hJDVDrZO8xCtk0="
        },
        "public": {
          "type": "Buffer",
          "data": "nNpnLwLCMwFr63BdKAlUoMUnSZsk2Yqy9IgC/204Fj4="
        }
      },
      "8": {
        "private": {
          "type": "Buffer",
          "data": "iONncmiR3Kq/34/5gez2GKIwtj31myVzJLndNdfgQXY="
        },
        "public": {
          "type": "Buffer",
          "data": "qAsyt5Bq6qzal7Cx+EI8Jbrq74Xqh8iIlysIS7jMj3U="
        }
      },
      "9": {
        "private": {
          "type": "Buffer",
          "data": "8JYt3yy7kYceBQF/8+bzQe5ieAVlkZ7wNYE0uT2ZUlg="
        },
        "public": {
          "type": "Buffer",
          "data": "zBcl5popopj5jy5MnZjR6zRdb7DgoEtnaoos6UoxsH0="
        }
      },
      "10": {
        "private": {
          "type": "Buffer",
          "data": "CEEuAcKWeTUEiTGp6JVHg3OKDKyh2+m3Sv9v/2WPm1o="
        },
        "public": {
          "type": "Buffer",
          "data": "Qi9+653R/YP12RgWxZ4fI6PtRLw0foH/i5P2XUo7OhQ="
        }
      },
      "11": {
        "private": {
          "type": "Buffer",
          "data": "eGFsz7IBQliNdirzZIK4JVjHR0zj/+mEByEZeAKJ8m0="
        },
        "public": {
          "type": "Buffer",
          "data": "6XEQRaqKdRT3l2jSqaWTOiMJQOJKUzHSjJfNxkfB/1M="
        }
      },
      "12": {
        "private": {
          "type": "Buffer",
          "data": "wGsb4o9rnyiA3OQRxV1oCcBEQhqrva/+/6DuYRQV0Go="
        },
        "public": {
          "type": "Buffer",
          "data": "Mg0+GXsBj9aOOeXxL93Q9HQZxYnbmoo/ArlBjRVk3xI="
        }
      },
      "13": {
        "private": {
          "type": "Buffer",
          "data": "OPZz0viu2xXkNuhq2B+qXuOkA66t19vAYlk1GGdVi2w="
        },
        "public": {
          "type": "Buffer",
          "data": "xl/0rgZ2Xafnwvso94g3FCHVKMLZVueF8My9is5ROBg="
        }
      },
      "14": {
        "private": {
          "type": "Buffer",
          "data": "sIVxJ/CrhlFc0vQLyVog9TfvicHvymqscdN0bzzMy18="
        },
        "public": {
          "type": "Buffer",
          "data": "zmrEOo9kz7r8d2gTH0tqHUqLloySKYxplizWB90rn3o="
        }
      },
      "15": {
        "private": {
          "type": "Buffer",
          "data": "SHr2teslHYLjpay9kx8uBjeFc5nPWuV/US67F8mqlFc="
        },
        "public": {
          "type": "Buffer",
          "data": "yr99jfUKc1ev7iWzCR/2AVxNYEPmB/scxw10VLjn+RQ="
        }
      },
      "16": {
        "private": {
          "type": "Buffer",
          "data": "gDS2rOZ0nzLxk5T6qZ7rfO+niwu29v0+v+Zk0cDMAXA="
        },
        "public": {
          "type": "Buffer",
          "data": "ll1W4hkwA+S64S3so8ncuwxuAzIpI3iuU2jxIjAHckQ="
        }
      },
      "17": {
        "private": {
          "type": "Buffer",
          "data": "YB7VkqPlZkhaYteppTKmy0GK+6bAqBgHsdQ7Nbe+JWQ="
        },
        "public": {
          "type": "Buffer",
          "data": "JmGKQBQtMqcKuqKnSRg/gogRqmYmtu7JEI08qqj6byg="
        }
      },
      "18": {
        "private": {
          "type": "Buffer",
          "data": "OKoybe5rqkVZMRKYDCit2yYP4c/4Bj241cj+soo5e2I="
        },
        "public": {
          "type": "Buffer",
          "data": "8CH6JrWAzSOmqpxJERxWoNORVQTrcGHn19460eE8nWg="
        }
      },
      "19": {
        "private": {
          "type": "Buffer",
          "data": "sDf/ITzMQfmNU2VA7VsJrchBSES1x1KOLDQpEDkE4GY="
        },
        "public": {
          "type": "Buffer",
          "data": "zdLOUF5SaY5JNfEHc0yjR9Ijj4sMgdlzu4uEnbY2jyY="
        }
      },
      "20": {
        "private": {
          "type": "Buffer",
          "data": "MI6I52oSieazFpbSqVXi20/cJFA0921jb9MITjkTNGE="
        },
        "public": {
          "type": "Buffer",
          "data": "+PSYo2NOwgW7IQrTfYd9RCt2j1zKGwXH80YfwmIkbVs="
        }
      },
      "21": {
        "private": {
          "type": "Buffer",
          "data": "wMqfQMLuhKeiJ3OEHpYs9E2PGQaq8zr3NCng0kTZJ04="
        },
        "public": {
          "type": "Buffer",
          "data": "Viv6XBptseYSbRACMeF1brzCRZ1yX1QY+n+04jKNjD8="
        }
      },
      "22": {
        "private": {
          "type": "Buffer",
          "data": "sMwZp2L8lOZU7hDGHUlPzVPzvaIdaM4Z8nRHrxXB5ng="
        },
        "public": {
          "type": "Buffer",
          "data": "04vaU+Ks2N2v7Pn7WnFPmIV6fRNL6QnxX1cq6ZXnRlA="
        }
      },
      "23": {
        "private": {
          "type": "Buffer",
          "data": "sPfDunYvIzMg1D1OxTY1vEqiHghZyYLzTqSR6sjYjG8="
        },
        "public": {
          "type": "Buffer",
          "data": "xN7nKWA6agWQF5Ym+BLs95q4EZg8bWNpNJlM8uDZtQM="
        }
      },
      "24": {
        "private": {
          "type": "Buffer",
          "data": "GONTga7bSApPRPCthOexri6nfpGkw5dxDdjTWVfj8X0="
        },
        "public": {
          "type": "Buffer",
          "data": "CeDKJRw1qO4qHKMCT7VzreDbghEgovdgzOlX0OLvky0="
        }
      },
      "25": {
        "private": {
          "type": "Buffer",
          "data": "EF3ZL0DcJJViz+/H3Rbylam1C+8EnQiCjBDkecIoEHI="
        },
        "public": {
          "type": "Buffer",
          "data": "AQCGMHvpTIyhHNLqKn2LOt6rdJnaTUuToNJplbv7VCQ="
        }
      },
      "26": {
        "private": {
          "type": "Buffer",
          "data": "uG7IVqzg0Rd2mVy+Ba8+N20keP+7U8aMh5r2RenhJmQ="
        },
        "public": {
          "type": "Buffer",
          "data": "0xzcG5MZaY/ucj2QNwolB+vzGVCMcomjIm4Y88X/0lk="
        }
      },
      "27": null,
      "28": {
        "private": {
          "type": "Buffer",
          "data": "+HlqyZf+7U3tcs81Zu5ZjYUS2OBzgxS1w1eooa6cv3Q="
        },
        "public": {
          "type": "Buffer",
          "data": "Wpfvi3bVnEFeR5si+3D1l2TVsfaXSQt0F9es/amFg30="
        }
      },
      "29": {
        "private": {
          "type": "Buffer",
          "data": "0HpW4VIUxAlDNfdYXEWL6PBtXg3++DuphcmLoyxmG1s="
        },
        "public": {
          "type": "Buffer",
          "data": "2gtqCHQRW2HCdUC9kToyJy5E6VwfSbW4hnIDrsQTChk="
        }
      },
      "30": {
        "private": {
          "type": "Buffer",
          "data": "CFVR+pAUXohmUCbJXFrC94bBCfwYt1+0tDn1CaUUJX4="
        },
        "public": {
          "type": "Buffer",
          "data": "0fJULAuQeHw51sORX/CDds1c+qiE71PV4Q6YxZlV/QY="
        }
      }
    },
    "sessions": {
      "6285747209604.0": {
        "_sessions": {
          "BeiUgKkE4o6wd6fpOiI/vzuW/B0ZK+iOhnnpaitp8NIy": {
            "registrationId": 510816649,
            "currentRatchet": {
              "ephemeralKeyPair": {
                "pubKey": "BX9cgbOZUCIDvFyYhKgF9G1LvVRQK95hPmom76R484od",
                "privKey": "gPRO80F8fYfhhrg1x4XZyS1u5zcuFqfVMxgIozxnb28="
              },
              "lastRemoteEphemeralKey": "BQbOgxLgxbFRmtkLYDyAQBspAJuKJStP0ZlMOoi4oa4m",
              "previousCounter": 0,
              "rootKey": "xyj3BZSxJHw7leLxuclnydrrojn9OwUIU6dMYP08/qs="
            },
            "indexInfo": {
              "baseKey": "BeiUgKkE4o6wd6fpOiI/vzuW/B0ZK+iOhnnpaitp8NIy",
              "baseKeyType": 2,
              "closed": -1,
              "used": 1669335556266,
              "created": 1669335556266,
              "remoteIdentityKey": "BQ2Q2ifT/QdePB7U1+z2EVdAh6zd8y0i/CTEvcP//o8v"
            },
            "_chains": {
              "BQbOgxLgxbFRmtkLYDyAQBspAJuKJStP0ZlMOoi4oa4m": {
                "chainKey": {
                  "counter": 8,
                  "key": "GfRXPfBJDhe+7DG56yRb+j5xHQKAJ68X4cejQevcSLM="
                },
                "chainType": 2,
                "messageKeys": {}
              },
              "BX9cgbOZUCIDvFyYhKgF9G1LvVRQK95hPmom76R484od": {
                "chainKey": {
                  "counter": 3,
                  "key": "8HiEyn41p9qEiTWUqI/Q9HmhwxjfaH+GORf75fHkVP4="
                },
                "chainType": 1,
                "messageKeys": {}
              }
            }
          }
        },
        "version": "v1"
      },
      "62895364406642.0": {
        "_sessions": {
          "BXliWl6hKl5gp3EqMwPyXOtiTxlq2dNmXwQiU4wQB1A6": {
            "registrationId": 562471734,
            "currentRatchet": {
              "ephemeralKeyPair": {
                "pubKey": "BYhCC69zqRPtGi847CGZrs58USDgOVbe35tbXLdKqs07",
                "privKey": "cMWcE2ay2fEuD5U4URFRzjgsixdsP0CbmIokvpwb2mg="
              },
              "lastRemoteEphemeralKey": "BRVFQDFXtBcMpHek/zYt9W0w6Ql8YIISZ7Yb7y2JgWJE",
              "previousCounter": 0,
              "rootKey": "0PXfWV+WN1kjjzEizjGxArozaiRpu3jOy5BVPIt//VY="
            },
            "indexInfo": {
              "baseKey": "BXliWl6hKl5gp3EqMwPyXOtiTxlq2dNmXwQiU4wQB1A6",
              "baseKeyType": 2,
              "closed": -1,
              "used": 1669335817320,
              "created": 1669335788596,
              "remoteIdentityKey": "BV8ybZBx6d/xHKioA3sho1pREn7fxcxXZDGE3nvrRHdF"
            },
            "_chains": {
              "BX+9Uyiu/w1LbpZtHEZpgTE/1EMpMAioOQFL2HQjBshU": {
                "chainKey": {
                  "counter": 0
                },
                "chainType": 2,
                "messageKeys": {}
              },
              "BZmr0aRBizpyXB9mvtWtHfUW/W3FCf+8Yt5EP6x+fns5": {
                "chainKey": {
                  "counter": 0
                },
                "chainType": 2,
                "messageKeys": {}
              },
              "BZ2wz0NVsz7ifAaGNjQZUgcU3DdTcEfwj+h2w5A6ekh5": {
                "chainKey": {
                  "counter": 0
                },
                "chainType": 2,
                "messageKeys": {}
              },
              "BRVFQDFXtBcMpHek/zYt9W0w6Ql8YIISZ7Yb7y2JgWJE": {
                "chainKey": {
                  "counter": 0,
                  "key": "OjX1gn6KfEDsTQCAXo0czcWXC+OaaekrRkj64o8iXpo="
                },
                "chainType": 2,
                "messageKeys": {}
              },
              "BYhCC69zqRPtGi847CGZrs58USDgOVbe35tbXLdKqs07": {
                "chainKey": {
                  "counter": 0,
                  "key": "I0m7w8lN8k1x0SFDg6AQ8mvcRvqLc3fbgU6PR2keWig="
                },
                "chainType": 1,
                "messageKeys": {}
              }
            }
          }
        },
        "version": "v1"
      },
      "62895364406642:3.0": {
        "_sessions": {
          "BQ7XTvH0V1DUFvMZ4d9RDUDW+Q4aAFZRrNPZBsaupFpX": {
            "registrationId": 139,
            "currentRatchet": {
              "ephemeralKeyPair": {
                "pubKey": "BYh+fJvIj4sXUPzFXdG2zrhOdHh9e96rzRyDFABFvEsi",
                "privKey": "aL1tZTygeqy+TWkKpky1LyquoJv27PTBpWHuGYyYym0="
              },
              "lastRemoteEphemeralKey": "BYEoyego1gJZzEnsODWbPkq6XuN5bPyFWHLU0wwc5GYy",
              "previousCounter": 0,
              "rootKey": "pzYgwTcl5wXbu70GAV5E+CjsMlxitWsDKBJGKqW8/JQ="
            },
            "indexInfo": {
              "baseKey": "BQ7XTvH0V1DUFvMZ4d9RDUDW+Q4aAFZRrNPZBsaupFpX",
              "baseKeyType": 1,
              "closed": -1,
              "used": 1669335790520,
              "created": 1669335790520,
              "remoteIdentityKey": "BROPcSBoEvQYAHXMuKVo+iqDYL8wNbA5/GZ/1wgPQtp4"
            },
            "_chains": {
              "BYh+fJvIj4sXUPzFXdG2zrhOdHh9e96rzRyDFABFvEsi": {
                "chainKey": {
                  "counter": 3,
                  "key": "uhgmHfpWstqoi5CkB4Nu1oLrvvF/rsoGErske1LuqO4="
                },
                "chainType": 1,
                "messageKeys": {}
              }
            },
            "pendingPreKey": {
              "signedKeyId": 1,
              "baseKey": "BQ7XTvH0V1DUFvMZ4d9RDUDW+Q4aAFZRrNPZBsaupFpX",
              "preKeyId": 54
            }
          }
        },
        "version": "v1"
      }
    },
    "appStateSyncKeys": {
      "AAAAACxb": {
        "keyData": "zZSdxfTvjlaV7nkArcl+Ho/PQsxK8jEdY2Ar4LdhxxQ=",
        "fingerprint": {
          "rawId": 1006996792,
          "currentIndex": 1,
          "deviceIndexes": [
            0,
            1
          ]
        },
        "timestamp": "1669335557390"
      }
    },
    "appStateVersions": {
      "critical_block": {
        "version": 1,
        "hash": {
          "type": "Buffer",
          "data": "7eASBX1ei2BrLsJIorszrwDAMn9wC6e5wF2+W8UCL1o6ok2tmR8mFc9FX7IsyYLK2s739JEIvu1GhMvf2lxpM0hQoa0NNoo1N9+TQHZUfupeMRgwQBWk/45ff2OOXm8opbznxG5sk2zhIXK8IWFRcfR/On13EFVHS07lS3f0PFc="
        },
        "indexValueMap": {
          "jeT/PwgRc02TRoJCjJ2zF3gRGYbZZz4zlDlXPUW9WeQ=": {
            "valueMac": {
              "type": "Buffer",
              "data": "x4OxZpyQ3B0ZUiBbkDN/r5Z6bDqvzhrMvQ4I2/6uDFM="
            }
          },
          "vdV7P1tcUKCXrwOZT1Fl3J6APvAft6Y+xWznBMW8d80=": {
            "valueMac": {
              "type": "Buffer",
              "data": "GhJq5Ze69soBrdaeapIKA/Pq1y2hNcuBF5QYEDMLxpI="
            }
          }
        }
      },
      "regular": {
        "version": 3,
        "hash": {
          "type": "Buffer",
          "data": "kVLefEw5hodNIWUknLxEEN70yLlF6lbH17pSi3uzWyLB5MLU2r/pzrqZjFpjusCnlvg9GGAhLi1UskSZc2wnoCc4QvjHFtcdjTR4VM3C27JC19MfiiuyzTiRsHrC+3Ig+Z7Pya/8J9ZIrfRfKESjo1FpzTFryaZjy3DDFiL7ums="
        },
        "indexValueMap": {
          "9ViaQ46acXNY8VmGK0tEnmCfL4ZPYKi7iuRqYJ2W9cA=": {
            "valueMac": {
              "type": "Buffer",
              "data": "yGGD4s47k8l0u/0k9sKH5b/KuLH4UJT8fEykunTJW7w="
            }
          },
          "SuP3hMDencRIP9l2zAtEFH3FCvHFdZsBGDprYfJWJCI=": {
            "valueMac": {
              "type": "Buffer",
              "data": "IHN53kcZmOQ8n9TOrGUIkH7b2hNMD0ORdp6O5Jgprlk="
            }
          },
          "wDj/KWcFyuosvx9WVd5teX11I8J8MZq02KifDjeDuBI=": {
            "valueMac": {
              "type": "Buffer",
              "data": "UUIB7vPF6I8VlknQWPere9kTn3w8kGnXrmARja+huyw="
            }
          },
          "1WGmm34D8FnJet6GSLWbTBHl4+xW0udSx3VplMT8R6s=": {
            "valueMac": {
              "type": "Buffer",
              "data": "KiTgWMp9VttkXAPcbg52iDbnkvL9hQ+9cWLmCXIy950="
            }
          },
          "HD6qKi8Y8HAAqxIoqS55CfAhLJFD04V9Y+eBdiNW3Sc=": {
            "valueMac": {
              "type": "Buffer",
              "data": "W7+Yjb23L9GOKCOOHjJ+3fMASOH8pIYLwQIxuvcMiBA="
            }
          },
          "AKC1ea8MT2i0KJNOnrf6gLmOtauXAWEmuoKDOT8zUn0=": {
            "valueMac": {
              "type": "Buffer",
              "data": "9I2Rcq8ScsAUN5cZzzjDHHJWNapz0hJi0qjme5P3NJs="
            }
          },
          "clncEBMzWHI1gWtoJimWuk18VHNKzR9FpQy56KgUJeM=": {
            "valueMac": {
              "type": "Buffer",
              "data": "0Pfaz78zmj1y9ixIc1vWMBvOJdHil9tWs0d0oT3OsfA="
            }
          },
          "W7TmRUB4IByOYzl+Hk++2Q3DuSTl/Ak3iToBqaYluik=": {
            "valueMac": {
              "type": "Buffer",
              "data": "sr8wT9gNCyfpLDWucavjbfP1NwyDVYKpK5hiMuRjoMo="
            }
          },
          "e1Zlp8otwbit6g84kCHZRBxVO8eabVE0WH0ogaIMpp4=": {
            "valueMac": {
              "type": "Buffer",
              "data": "r3q3khQMIYlcXuqne1LAd5kTfxCl3o/IFw/ZfbCdXKk="
            }
          }
        }
      },
      "critical_unblock_low": {
        "version": 4,
        "hash": {
          "type": "Buffer",
          "data": "yUkcDJKaH1kwVq3EV6ySCz8TU+W2kJHxxcONkM9jPmu3s17Ru5YW+WrDL1RAnuNmYAxfW7gVJJaM1KQYHoEDV4N0/6lLIvaBY7+N5eCNHVyVt5lOOdk0OlADKuIsHtFFC1Ex1mCBHO5IxPoJB9HdpVOExAa+kQHDSKTQMgUI/nk="
        },
        "indexValueMap": {
          "xM126diMZE9Ipuu2NkO1SqK3i1OV1ublc5UvYIju0Xk=": {
            "valueMac": {
              "type": "Buffer",
              "data": "ShqHV46JlydA1iMs+Q22tq3x+5WkdxAzSnpM8PRn0zQ="
            }
          },
          "kgBWmyOjGgDtF9thCxrkT+AVii6dhRVD8BaUgY8Aea8=": {
            "valueMac": {
              "type": "Buffer",
              "data": "h9OOFGWvJbbLoTQ0NZHav9dQ/x2tqw1PygYGZYLCXxA="
            }
          },
          "69CQ2mhmKQ/KAQzfQM73/dRNQS0gNx6NEQsZN6TIUjY=": {
            "valueMac": {
              "type": "Buffer",
              "data": "baLElo1Zz9Dr3gKeWIH1UHvdj2oFacYiuS/Ui01y2do="
            }
          },
          "eEDyMqbj2WAodR2MxbJuznAA5wAG3sCdM1v7VWfZfy0=": {
            "valueMac": {
              "type": "Buffer",
              "data": "RkM8ed+8b7tCsbz8Gc9iP4Ubev0XO0Vydeq+4X28rpg="
            }
          },
          "MIH5jtu0Reu/PR0g+Z7FU4lK+0hlKnWpztGG4iG4hTs=": {
            "valueMac": {
              "type": "Buffer",
              "data": "F15NkJYtkHpkXhFEcVjcEJQwacY+/J1nhWeTC2XxKbc="
            }
          },
          "kVkmfA6QwM9p1ccXwz2+Y/qYfAtLWrdrHOJjc5zkiYQ=": {
            "valueMac": {
              "type": "Buffer",
              "data": "zUUTFvq6UGSaLC9cOrhSDRrphM+ZRGWFmqXDYQRYVrk="
            }
          },
          "k37pV+pAG1WbcblzmvuaCLQqhsB3q8R73V8daUmoPZM=": {
            "valueMac": {
              "type": "Buffer",
              "data": "HHa10nQhgviUdTSfdb0MP0QTCL7UZ4gaD3wnpiJq6I0="
            }
          },
          "BLkrY/WzZOC6SieUTJIzXLXuqZ+1KEZ4zrvmcJyQyIA=": {
            "valueMac": {
              "type": "Buffer",
              "data": "qO2W/S8Xv6/4jyumyeTVLkk7wymZhm1z60su+GtBNGo="
            }
          },
          "EdKZiq7on+GcdzaqLeb4yWWoU+k5V51PCs+vOH5jMoM=": {
            "valueMac": {
              "type": "Buffer",
              "data": "XZ3vc1WbSIDD72qXVP5bN5lTDNw9ug+34cb7lbXC4w8="
            }
          },
          "r+W825ktaZTWJxuGjJoXb0i3Dnbd1FVb+dB/SiKktq4=": {
            "valueMac": {
              "type": "Buffer",
              "data": "SY5yAl2Ijz0SyHg+JFVJXSPVAKknIntsa95lXorCahw="
            }
          },
          "Edks0euOW2CvPdQ7xU/jLx0hSvPnH3LyuxXVNEL8/Hs=": {
            "valueMac": {
              "type": "Buffer",
              "data": "nedNTK86BKJV1fru/+IH5MXRYwfZyrMpsokWLIWeHPc="
            }
          },
          "K4ZnWOzDjhDFnN2bO7gK9inWFGvUr2CbNk98vX+WsW0=": {
            "valueMac": {
              "type": "Buffer",
              "data": "YveeqWJQoTzlk9vtY/NaquPepdRhdSnIk6YzaIeT6I8="
            }
          },
          "3sjvSH5dGZvUzMn/70ch/2uemOOsQdeG5CTS/wyJWq0=": {
            "valueMac": {
              "type": "Buffer",
              "data": "L5YL1o5+HsJC9AYY4umlgOSMNs/mbHTUfM5R58dThmc="
            }
          },
          "BGGZybih6W0xzsmJFpuQCAeK2x9VcltNkG2b2mSmmTs=": {
            "valueMac": {
              "type": "Buffer",
              "data": "1tFzsy4JbAbb8XY108juGFEIX5Dcpp3HQHVJGcMeXnI="
            }
          },
          "Oix0GPSdYkAC6XPd/6erPNarQSJHamfDY08V6BHhKMo=": {
            "valueMac": {
              "type": "Buffer",
              "data": "whK/8rdd28//IMH18k1cDaZT7DsfxNh2dNT4ZXWwPF4="
            }
          },
          "QxPLL2eTxe/wRusaWyXNA50QPrS3RvzBxC3YeklZNvg=": {
            "valueMac": {
              "type": "Buffer",
              "data": "VdrOhwVCk23ucLCic9GM0l5liOdHRCyn7v6kv32ISKM="
            }
          },
          "dH8H+T9up6x3FsygrFNdqJmQ/9lfKd2GeLX8xaztLw8=": {
            "valueMac": {
              "type": "Buffer",
              "data": "sCc+QaIkBEELsHyaRWDj1A67menkRyKs5fI8CxExjI4="
            }
          },
          "Jg9AX+DP8r3C8M6PHS0bpnYiWicc6Gtq5CRLEoyiPeY=": {
            "valueMac": {
              "type": "Buffer",
              "data": "Vyat63DJyFwiqYy/toEN7z9bAHqFNkF56rarrQuv8LU="
            }
          },
          "wgepe4p2AF+NUbZfEPKQ9DRKKg5x+44BhCtqBF0HudM=": {
            "valueMac": {
              "type": "Buffer",
              "data": "fNok2z5emIdt195p4y/Omya7L6b3tWbbZJhbf+ezixw="
            }
          },
          "vE7Xd/XyM6Bnp43K3QgHz0//Ad45S4JsHcHB0arBAhE=": {
            "valueMac": {
              "type": "Buffer",
              "data": "WdWIT6GFj4++k9J4u58Naat2TN8KZWHUOo72ZMtorto="
            }
          },
          "leQxmHxY3xgilcQvqnGS/q8qbhOAxNLSAzLqcSWBt2A=": {
            "valueMac": {
              "type": "Buffer",
              "data": "NLaRr2JWCxFI9q/QMZIRPEBVL6/uu9uSN1vwSnKNbWE="
            }
          },
          "3Ntfhf7upBXea30+dsjr048y70P7s2RET+yC6/yFK/A=": {
            "valueMac": {
              "type": "Buffer",
              "data": "lVBzwiH4FVG8HmAhFIPO5Q2ILf63X2f1QMul8zaT1NM="
            }
          },
          "7tzZ0vdvcTyhmrd5YOydhQpcLGLkTKSvyfwMrsUogjo=": {
            "valueMac": {
              "type": "Buffer",
              "data": "Lh/HKkamKBMUbs/0rxz0Y6rIOGlCFSB4303DtrNQ6nI="
            }
          },
          "6w9upOxQnG79lVxl8Y3QAE91jLrpiy3BCmJBKM0e3Gg=": {
            "valueMac": {
              "type": "Buffer",
              "data": "WneBrRU80L8wtFRGjl2JnaHmG4Wt9gYut1GOWKU0kMs="
            }
          },
          "Be+JjIQO3Uv5RxtJGv86hoQsIerU9Zxy40ZRmWdzylo=": {
            "valueMac": {
              "type": "Buffer",
              "data": "c9w8bWBO61kYFvh0CcgRa8hvJ8+kC0E8k3Boe6plNhg="
            }
          },
          "Wa4MKuKiB+KfIu0oxleW+5nI1qs9hFJBgfpIQH/7Ezg=": {
            "valueMac": {
              "type": "Buffer",
              "data": "N3EZ1SvjCK7A1jtFYH/ApySttn1+Xxqhs1RIElfbrS0="
            }
          },
          "W8nJ+2cyzgYxyIX8m7eyBWPNsuWDN4QBFPJNXfOJO3g=": {
            "valueMac": {
              "type": "Buffer",
              "data": "1Hfy3pBMu77S3EN4CKM1BGRuWAviZUNHBOBdk5wO0lc="
            }
          },
          "7/qAmxZ8xiZK2fTK5VtUuUeoNpOnfgxijcHQe1/tXQ8=": {
            "valueMac": {
              "type": "Buffer",
              "data": "C8vo8dNwvjpExJF3n4WIqysjcuYGVQ79b76AZr0C2NY="
            }
          },
          "6qiUe7QzVpdq5JMJwFlTg16jlNjmjhceR1WYjC4HsZc=": {
            "valueMac": {
              "type": "Buffer",
              "data": "fbYLeVZIRzuQtTqve7551gPEkzCtotinK9YlL3UVguk="
            }
          },
          "CPDwZI02rffSzluPWqw0GYLO7v4Vnq+UnhhnHMErxp8=": {
            "valueMac": {
              "type": "Buffer",
              "data": "43aTdtFTIYOnXyKu2YG3WyMwX7sA18wW0DIgI8kvwt0="
            }
          },
          "qo3V02jAfJpIgFNVBwRUz8sPRZHgSWoN5W4PPPojkhM=": {
            "valueMac": {
              "type": "Buffer",
              "data": "Z71UT+3VGWLbzHsrE5yIbEUWzO9BLHNR8AnSBRrAE5o="
            }
          },
          "QyuLDzAn0EPW5DaT99N/77jv8Kx1jdN213GfBSz1rSw=": {
            "valueMac": {
              "type": "Buffer",
              "data": "8tFEGgK1k1Kn+kE1HBxPtLvNrzcvfE4j79xi1VRmxMY="
            }
          },
          "C/4tcgo/W6r7p1bHNCPpCJs+pYCOVTQ1CFyIEh4fVHc=": {
            "valueMac": {
              "type": "Buffer",
              "data": "eK+dqwSmrNkV7NED2IGq/B24Iqnv/mbjt5Hn0MxVLEM="
            }
          },
          "6/DIgV3sPE2diFpCuJADdsV4R2mykLmskViVT128nZ8=": {
            "valueMac": {
              "type": "Buffer",
              "data": "8S6F+NFRGqef7m6A1d6PgdkpQV9/K2B6+VhJS1M0+tI="
            }
          },
          "zjwVNaxaPA7FDGAaKq4jgDJVSgaoYqxP5CKIy3DgjQU=": {
            "valueMac": {
              "type": "Buffer",
              "data": "fTQ/ryyHh3eanI9CmHa0l6LWVltpfSWqU+xAL7RRGew="
            }
          },
          "H5FW+CYVxifWV7pu3mCJnhY8EQPm0rpeIvtWYfZwhiA=": {
            "valueMac": {
              "type": "Buffer",
              "data": "vhjMhVZjeR/cJ5v2PiuuGermG9qmX9iBBL1hCQ5jAbE="
            }
          },
          "6Oy38I+9vYARaPt94MK+JmpQj9qunHgmDixBO1WGk84=": {
            "valueMac": {
              "type": "Buffer",
              "data": "zmVM6GiVkDVcEWUnfrpmcf/6zxiuDwA0FdI71WXhZ0Q="
            }
          },
          "j8NZl7WCHJGTQOY6Tv4/sSbFLueN735a91PY2QAySm8=": {
            "valueMac": {
              "type": "Buffer",
              "data": "A+uu64qH6/2O+1ScYUn84WVV0L1jdqF//4ekrK1hb60="
            }
          },
          "Cyil856vcld8lVDuZJFR7B1+R95llUH2v5vKSRiVASw=": {
            "valueMac": {
              "type": "Buffer",
              "data": "CF0jrAzqe1vhO852rPVRqDuWRfHojxXaYV5J/9fkjTw="
            }
          },
          "uIYnA9SxWr/dbaxWe+LVxYjv7ZXgD0aioPG41I1dMhk=": {
            "valueMac": {
              "type": "Buffer",
              "data": "DCmb260W26pDMt2PX9Jj4eessYdJ2rxERy1e3kMxoMM="
            }
          },
          "I2rRmWyxVPXnvbcnZfCzb+DLrGJ+yZsBqDXnJUjsSds=": {
            "valueMac": {
              "type": "Buffer",
              "data": "KfCJtIWvjCR+EIJzX/5S4Ae1GzdHqt53ADZ97wSifEM="
            }
          },
          "NLvJqAjIvj+RqmULB6RRL7SB9duyNptH0rend2NRIwE=": {
            "valueMac": {
              "type": "Buffer",
              "data": "gtExp0PE0OxgzUVpO6pqe9bNSWW472ir7DW0CJDk5g8="
            }
          },
          "h2N1ZGZLJV+lhicjcdJlct3FDM7aEamHKZ5kpe/vHig=": {
            "valueMac": {
              "type": "Buffer",
              "data": "uXu0u4BucstxPxnOtLEY3pkcaG+i3g1ISm9l0gdyGe4="
            }
          },
          "VWRAJvf/fW1xToSeoFgUWcDgQViI0Bi5s9soJCQki9o=": {
            "valueMac": {
              "type": "Buffer",
              "data": "FhMpDbV3tO79SMTRcgGRFSzvco/GhRRzR8syD479Yac="
            }
          },
          "r6tyWBE24nMTWjPrVTeKKJzB+WHshdhfFGA/YUVUShA=": {
            "valueMac": {
              "type": "Buffer",
              "data": "wVCy1iGeNkDJ0wUOrf2qJ+L7BS8+SvReinphUAKnBZU="
            }
          },
          "CNq7cQjXqkcEj3kk5+cXHPI5pVnEMb9wcGiOqcwinH4=": {
            "valueMac": {
              "type": "Buffer",
              "data": "6dY+fWzSI8Z5VWxD9wN6ttWLHHduXHlUIlqZkm9ieBc="
            }
          },
          "580FtDW1nHrnmBD8UJaWtX27j4VX9bOoQNjqfFC4whc=": {
            "valueMac": {
              "type": "Buffer",
              "data": "mmfLKhO2gBGcNQlEjCO+IcVjYvqZYeeJLXMRLHyBBBE="
            }
          },
          "ytwyZdqIMt4jc6DCSqR7aeIeNLjtQ/V5D1hsPHug/dQ=": {
            "valueMac": {
              "type": "Buffer",
              "data": "iZNKVI0b+35jEQ/2cJjaMx+uvAAhGnfRzdpODhwtVI8="
            }
          },
          "tlv7f9HbWCBfLkRFg7cw8aHrueqre4lxzXOdCy+APAw=": {
            "valueMac": {
              "type": "Buffer",
              "data": "a4ixQ0OEA5sTGUBo2DDiHsPjqlSwmKMPQaLXPUeGFGg="
            }
          },
          "7XcdMo6NYAQkdN6l1Ud1+LEMrYtIOlvltH7hVStWknM=": {
            "valueMac": {
              "type": "Buffer",
              "data": "2ZeLr2cDmTR7IIPd+z7PTK1YJHkCYB4LmIhAV2IPCPA="
            }
          },
          "BeEUdmTsUBoWX3+OEIj+702aEAKhP02WHgKe+J+VzoQ=": {
            "valueMac": {
              "type": "Buffer",
              "data": "0BKTXAqA3ek6BCzItuQOcBJiSmZRc2bTTa8AdT38y5c="
            }
          },
          "kcGE1GII+bMLxIyvjF3kQpMXbEXOPBSfoRE4pLqWq8k=": {
            "valueMac": {
              "type": "Buffer",
              "data": "E5IXIRBvy6+s8AQMyFCrV7YErDER7UqA5eXJ7YUAGxU="
            }
          },
          "hH9wyxBiTXbyR7vNe6lC0CsAgaAnM+/I0x3mLXaFpas=": {
            "valueMac": {
              "type": "Buffer",
              "data": "kte/9/5Zqc1rW5ocNx5YlJ6es3eZTsgmor2eKvsKl/U="
            }
          },
          "dbaRYMqPJdkR99hL9ppdZiB/tkyvs+ewAHPYMcvqcLg=": {
            "valueMac": {
              "type": "Buffer",
              "data": "xMcPQufTJza9h++JMX9OivblUU+jity9VjTRbyQrJVw="
            }
          },
          "kqALhYnMO7ea3uh5MvOi4vbPBqnwCeX/I4l1BP+xHSQ=": {
            "valueMac": {
              "type": "Buffer",
              "data": "FGfVC97l3c6jBwCWGfqHxNfxQl/7T5M8q7lE2ebnT+A="
            }
          },
          "3YBTpd4VMDi4bvXzdoacmSy9ODF4CxyfCGj8nYqQRsA=": {
            "valueMac": {
              "type": "Buffer",
              "data": "TNqKyH8O4hpCX4iKBIdTfxeXdPLcBOxb/ycmMQQCVBE="
            }
          },
          "KLJhoe9b6tYhREpJq1wn5UmY6dYXNpd1FbySCDd2KXw=": {
            "valueMac": {
              "type": "Buffer",
              "data": "43/RW7LixYP6kl0h1esCGpmjBH0tBBEs2t7KiMxyc5Q="
            }
          },
          "V6mJXKpCYDP6XVB8QCZCC2p/fkeJB7x+7b5kXfengbI=": {
            "valueMac": {
              "type": "Buffer",
              "data": "/vnC7DRJNzobn/pS46OYdIvkSFIvtQXz5ro6FU50T4U="
            }
          },
          "4OA+gfX6qQxJmIabmAU5T1/MRw8OnK5YDREtujrtN1I=": {
            "valueMac": {
              "type": "Buffer",
              "data": "kSVn5XAfqyyHlqMTltGAhySX+Z1yu8XpaE+urj5XBrQ="
            }
          },
          "J5Nv9dTCD+gH9vlJJBRayEfwL+jpBmN0jRTjaZVTsvI=": {
            "valueMac": {
              "type": "Buffer",
              "data": "y4LR3qCrdIBNo16Hol3XCfjSslKXrxAmKs0vml+Jl2Q="
            }
          },
          "MEP55LBwu1HMu2+6d1U/Lyl8GuQdmoG5lj09G3e73lQ=": {
            "valueMac": {
              "type": "Buffer",
              "data": "jaag9TL5Ds1Z/dGiXD672j6BlznVY8yln8M1kfHIMDo="
            }
          },
          "r49ghgEBgSeQ4JP6jSMfUvYE3YuT2sOFhKcUG+iwTpg=": {
            "valueMac": {
              "type": "Buffer",
              "data": "qhRKJay0Os7QTtxaTohVs8ZlJ7IGe5finD27hdWk5EU="
            }
          },
          "YgP2Z9EzvsBjdodJEGWdPRUGo18DX4d+dHQ1uDDe1AY=": {
            "valueMac": {
              "type": "Buffer",
              "data": "Scf1XEj1jZH68gM872stngEjvgli1v8+kfTRtvXCjjE="
            }
          },
          "+IOuvVecDUqpo+Xtgem686/PC68npGKqLPESMCKYl/I=": {
            "valueMac": {
              "type": "Buffer",
              "data": "/zLOFafp/tWj9TWb51kGxI7NqZNq9L/4LvkH+PGTcj8="
            }
          },
          "mV9u9thUqwtFopnlxpHq9HNG3gb0JsUFVzZVYZja3Uc=": {
            "valueMac": {
              "type": "Buffer",
              "data": "cJ1VXxoQNMj8RhOSwpB8nDsp0/q0sxSTCgDBCv7VuZ4="
            }
          },
          "JR3IwSBDtgBm2dgE4RXA308bG3X27FuJc98Z7dt7FFk=": {
            "valueMac": {
              "type": "Buffer",
              "data": "+U/JJhz9r1juZCyYOy3RCgbcLuBa5HmPMQB4StramS8="
            }
          },
          "q8yx9qtVGsT3IJGeRf4RUtnaXhcoYRDotbfUN0Zv3go=": {
            "valueMac": {
              "type": "Buffer",
              "data": "citjJi6Ff5N1EDk3hbU4fMsYUqsD8t3JTQr94YXRWDA="
            }
          },
          "Ix06kgEZj+eVdf1j2bTwUmjKY2x+OUUxYnDMhnoVDRs=": {
            "valueMac": {
              "type": "Buffer",
              "data": "s6ovEP0BzTis2Z805ESM8nd12QgoW9BXYu3Arl4U8sc="
            }
          },
          "it+Z7/I6WlIRI5YdMQzE8AMQH9RNBJmSqcfzsFPSJUs=": {
            "valueMac": {
              "type": "Buffer",
              "data": "irZ3EMCQxKrdsccnhdP0u0GLuqkvHJQ5ddpJEgG/0rc="
            }
          },
          "oTByacA5TvRKM6OqqDwdvAxlgu6x6ZuCHjpWzQGyqDY=": {
            "valueMac": {
              "type": "Buffer",
              "data": "d/+Le2/1Ue0GTXtLz5Xa6+XznJDkDio8nVAT3Eten9U="
            }
          },
          "aUS9Xz4xK37w+OeSSyqViD8C1RNxLOcGd6VFX8juRMU=": {
            "valueMac": {
              "type": "Buffer",
              "data": "SWSO5LVxaZknCGhyxwX7VdqXBg7siVBPw+/YE16Wc5Q="
            }
          },
          "z6lKK2S7ADG9zihClhdUhE7zW2W4sgII4+saS4iq84s=": {
            "valueMac": {
              "type": "Buffer",
              "data": "IBaDiWvd9+grLWT1S8xkj1/BNj+wTeEEEefm742aqA0="
            }
          },
          "xwkOHS8nKpXRXsrTIumruKFTCPxK1hTe+7zZPg3ONY4=": {
            "valueMac": {
              "type": "Buffer",
              "data": "AmA2QpQYiwA/u/sBbp3QN/j0LknBm5JmMA3Tovg7kgY="
            }
          },
          "JEgoxmdk/vxqHlcrsa1q0JI8uyHRzHbUbC7Ll7+fVcU=": {
            "valueMac": {
              "type": "Buffer",
              "data": "aOzzkecTyxpaRzClstJ+oM+UI0eUveIf1hqOENQDIcA="
            }
          },
          "W4MmZhCKG0NymEDCv/L6xccLMbOq77IsHIxUDvofLLU=": {
            "valueMac": {
              "type": "Buffer",
              "data": "kHyQ5EwTsRwkgy80R3O8E+/T3znOUsUd6To86SLSMAs="
            }
          },
          "42OSN02h194yyPgWnv0R5ikAoh/Jze+ma87Zzc9/cXY=": {
            "valueMac": {
              "type": "Buffer",
              "data": "E782YMQWUouUYJlaA23Vq28hIlMgCY8VkjiMTbVxZ4Q="
            }
          },
          "OM4rDGX+Yun/g1bTtm2CiaAZ3ZRzQAxNic/TY4mCGaw=": {
            "valueMac": {
              "type": "Buffer",
              "data": "JCjZH7xySq9yxNS5L0uI1CvBe0pIOKYZYhcG1/mioAM="
            }
          },
          "sBpz8O/WFJDG3avEJCwlmbaa2aBW4PMKY4RpiaiPWnc=": {
            "valueMac": {
              "type": "Buffer",
              "data": "IUnf+BU5uKJRaFiAlqukrOzmHhUzGdas2sIEJleNwjg="
            }
          },
          "zhiOT31wEC4yeoUM03pRlsNJotk+n7++Yv0Szsm6frY=": {
            "valueMac": {
              "type": "Buffer",
              "data": "SbQllUvJr2iqBSxE3iBUwNrBpluU/CIB3cXtYwTMYdw="
            }
          },
          "/Xz1+VxJY2V9fLyleH2ZR/1emeC2OMReZJolcPJ+R74=": {
            "valueMac": {
              "type": "Buffer",
              "data": "GpDV0/tQxaR9t057YWz97S4UdJP6zs2UzM5qWHGQpAc="
            }
          },
          "GuoFf0xu9bj8JKoAWezLgMHgB0Hbj+Hm2keAc4N8CnA=": {
            "valueMac": {
              "type": "Buffer",
              "data": "5tyTE507CaDZqIhXsXOWXmU+zFYK/qA3pMAHUmMxWUA="
            }
          },
          "l8bHzwz4Q31GM1izGqmhdK2OuGI9wCWsMwifuQR9krg=": {
            "valueMac": {
              "type": "Buffer",
              "data": "5anPGjBABPAOkPZfJ4n/1YnskljQXdCPt7slp+QABf8="
            }
          },
          "1fsqj3/NESPlvseGk2D0PFTKYLJEr7kA/fSIgPQzzo0=": {
            "valueMac": {
              "type": "Buffer",
              "data": "TsM0CXfGrEx9IfO+/HLhyiV0THsrELCWa3YBBwsCLuc="
            }
          },
          "e4B6LZh3SXKUt4Z3bb1Nz2+EL9Zpbf8O1Ioiz3g34hI=": {
            "valueMac": {
              "type": "Buffer",
              "data": "h4Iu5hys53tlb3kG2m5Sadq9BQjvfae1l7LHzQGR3dE="
            }
          },
          "/ZCIrRXKgG8FYODXmUqO2GV2ODfxmlcGSwqVFGVt/rk=": {
            "valueMac": {
              "type": "Buffer",
              "data": "69n7rJ1ERLUe4ngLZF7dwbOfRsoGBVc8i7VdExdLs6Y="
            }
          },
          "LkemQlu6qwfgsoxywB4SvS8HyViwL3PRQgMV0m10YRQ=": {
            "valueMac": {
              "type": "Buffer",
              "data": "jWJHd7rMeqrD1tf0Pwpb3D+nqSvdC/qqlnZHOckENbI="
            }
          },
          "TBbr1Pdvcx6ZYwirkAl/WxwearbQPSL05nftEEn2lNY=": {
            "valueMac": {
              "type": "Buffer",
              "data": "uMofQSZAvwc5WMGdRgAgV+3yNHnYkAkJw4I1zAbd3hA="
            }
          },
          "fuAxhpl0578pMa1TYF/5CAHPr4knUvK0UIkMUkLCsEg=": {
            "valueMac": {
              "type": "Buffer",
              "data": "b19GpyymKp30MGeQ3hbRDPu4dQl+Qgo6k4U8E/AJop0="
            }
          },
          "SOA+M1yzRA29TKlo5fKY8e+oAikYM1zOTpBkotoTQmE=": {
            "valueMac": {
              "type": "Buffer",
              "data": "yGn5XzjNVu72vVHCBexRNHiQHokDgBaWmFfdfHITgCY="
            }
          },
          "DsEzenl7MdyxDU5fpKbvdo66mT1Go/rjn8kLTm/SeIA=": {
            "valueMac": {
              "type": "Buffer",
              "data": "KU+vbd0O/W2Jvh01eYmKy9ns3BvlzFEEw/Z60oFW1UI="
            }
          },
          "SLhxndqUPaH9RWUBI8MDhCBIgC8YM7fy7IXyWIH7PAk=": {
            "valueMac": {
              "type": "Buffer",
              "data": "rRT+glyL6wQfvi1ATE9s6z3pSbUf6gfzTWZ/yinFfZs="
            }
          },
          "Hf/xhFD6uQrg40EdJFyVsVrC48HtZzNAT7DllOcIaBo=": {
            "valueMac": {
              "type": "Buffer",
              "data": "gKU9Qez9FXaEF2Oqwd5nk9Dtz87xj4MoYtQjH8ihuGo="
            }
          },
          "LUIq9rxPQTbcsxiyDlB1FIemViWDVHWt5E0+WgOoJJo=": {
            "valueMac": {
              "type": "Buffer",
              "data": "YpjJJqgd62otFTy6Zni97cSE6278/SlxTIBgc1ftd3g="
            }
          },
          "flKsUBea+iKtZl3CEjVYuT+bzugvEYunbgsMZnNEatk=": {
            "valueMac": {
              "type": "Buffer",
              "data": "CFyYfU08ZUos5GGUiwKnq1qhyjySABG1V7u5M7u/8bE="
            }
          },
          "N4JAbwKsnAsIOFl14Twk5rDIJImph4+vxQQKkOaa6UU=": {
            "valueMac": {
              "type": "Buffer",
              "data": "GI/q1a48UYRO0lbzLAYtSFpM4MiawiJNoJlI4BK4f4c="
            }
          },
          "VALlCRrdNhDsCp6whu0vyclg8mq3a3r2bQuOHjJnef4=": {
            "valueMac": {
              "type": "Buffer",
              "data": "UtzsH6qx3yhJgNPEYGEuZZOGB6afC0HZuOcr/XLotCA="
            }
          },
          "w9rHB/mw5V/UosneCmWcpZctHavR3q8/Gjt8OZb/WU8=": {
            "valueMac": {
              "type": "Buffer",
              "data": "lb5cFdPqKCokrDz1aTdy/Lh3A1ATlhsEjB3lRlKZ5Ec="
            }
          },
          "jVY8QxyDQqnfQHrjAQ7ycqz+BBe71so+UUmMCC0994o=": {
            "valueMac": {
              "type": "Buffer",
              "data": "HI2x2r8GBoYLi8yEfToD+M47LOWe6McFltGtM1TIwi0="
            }
          },
          "xN8awwt2qUKqgjMo4RDXJtGDRHlwm9ITAui29vRMXAs=": {
            "valueMac": {
              "type": "Buffer",
              "data": "N0XOjyn24v0xpjWkHtw56eXnkMbRZQW2IT8lN/+CLQ0="
            }
          },
          "/CXmQTE7TkdGqGPWJAdRk+XY9+zcZciPkX5ihmhNMWk=": {
            "valueMac": {
              "type": "Buffer",
              "data": "Iqqwei6NUphaQ9Nqx0vnJZ7h85s41u1uEFZ+uaNyWJQ="
            }
          },
          "J/33XfWtLoadIazaGxmQCYmtxvoo7IhktTmJIY/v7Z8=": {
            "valueMac": {
              "type": "Buffer",
              "data": "f2OjW8RZHnAzpqKpXFMGFGHHk6d+vZw886ZC07BUiQ4="
            }
          },
          "6GF60GG+dZ1ZbG6Smkp/7lMV0Ibnl7tVYMM31T0QhFE=": {
            "valueMac": {
              "type": "Buffer",
              "data": "cNA/JYZlAkX6rkACdepJWAY7xVbGdUlGaXpfpa8waGY="
            }
          },
          "5x/dYrfb9AMFCC15+qC9AArw3vx6uzLKvTmi58mpQSU=": {
            "valueMac": {
              "type": "Buffer",
              "data": "ZwOvMafvt2wtJkw+ziFHD/n7pemLuI6uxcsF5cvaHg8="
            }
          },
          "8C44nrM6QFeiMondYC8gWIrstoBdSsxGFK6fzYR5JGw=": {
            "valueMac": {
              "type": "Buffer",
              "data": "ht4YFodxUNGJ5jjOGMacHwvi9s8L8z3mzSdg//+ZfmU="
            }
          },
          "qIJFlCnZckidw7wIZnFT1SGIzsZTclqPU7ujV6wP9PI=": {
            "valueMac": {
              "type": "Buffer",
              "data": "eb6acA867eKBIP9juVJ3YqxOC4KYf05BrYai+1rD7H4="
            }
          },
          "78IRGjRJvNjypykbFXkfmfkFlUoFl+8kKCGKyFUWDT0=": {
            "valueMac": {
              "type": "Buffer",
              "data": "r5pHO8Rm/VY3Slnyf2dqRqedDTWSRDSsBYh0PAisGx0="
            }
          },
          "3fG0o7SscKd08GQ39m2YpgNOnc+PJXZtcML4RCozv1A=": {
            "valueMac": {
              "type": "Buffer",
              "data": "6HAgmhZ5qg8EkUeAC2wRoTppy6bRbHis6VNaCXYub2Y="
            }
          },
          "0R15HmuNE0wK+s0EJhMOUpqUOlvXh4L0qtfhf4Gg0ug=": {
            "valueMac": {
              "type": "Buffer",
              "data": "BxmLnHnfTmeRohUC6IDhYJnWKspQC2Sibg29eJZDSms="
            }
          },
          "5m9w/tOZbcpy6FCVi2DVhLDYz4lC0bux64H18KxxS/U=": {
            "valueMac": {
              "type": "Buffer",
              "data": "mG1+jQHcYDidhT5jTBU0U8wOsJD+NmIjybn6V4UWJ0c="
            }
          },
          "mhS4T2Ky1N3+emBB7Y8AV7p1gW9JySbrBWhAaDYRgP4=": {
            "valueMac": {
              "type": "Buffer",
              "data": "NJICmP7/I3hVcVmCrQF5exOChr5ylA/4o8Oms4c3BaI="
            }
          },
          "D/BxO8J6GlNPMtdPHWi0dTOk/J910Gu96fsLmC8ZZr0=": {
            "valueMac": {
              "type": "Buffer",
              "data": "6jTpV5Gb2yUfmoeIlwH8Bf75JpAphcqhPZXx7A5cZ5M="
            }
          },
          "303YDrpi4TRtDSY3y4hLo8D/NpoBsFUw1MUO3Si2TpA=": {
            "valueMac": {
              "type": "Buffer",
              "data": "LMdVZH9aXrENlfUn3NrQDwt8IoqARc9bFt5dq6Sn/IE="
            }
          },
          "x/R94BBsBN0taaDmipct4hojU2+kCEh0IsYhE1s/vBM=": {
            "valueMac": {
              "type": "Buffer",
              "data": "pXzbVoMzfk7n6a2VC/3MOn9C45v9YZkjptDOb+QIaKU="
            }
          },
          "zt4G3bZq7V0GS8NcE+wRj/pykBXMg1cLdOfmV3YS78c=": {
            "valueMac": {
              "type": "Buffer",
              "data": "kJYGB0XwRMeZwW/dVARcmV4f9NGC+lXTr5UlwSBZemk="
            }
          },
          "a66z6TILtbiMQewukUoRAbgu/UIpO04H7BPzuV/kCrY=": {
            "valueMac": {
              "type": "Buffer",
              "data": "Q0AIv/L6nEBpxR+5T0XKiiXvB5YNXbMlvuUMXh43gJ8="
            }
          },
          "7s2e0kS8bymqylTZQK7A6i7jDW5g7Q0YLqZcNzTBQHA=": {
            "valueMac": {
              "type": "Buffer",
              "data": "ZnfgAEkJ5Sfysa4O5jZhEvgL8pJU/BZa4z40z4Jkx5s="
            }
          },
          "bFwX0Oml5fo3ul9qJWPFmzIshrHSVu/IciYOAHnDTmY=": {
            "valueMac": {
              "type": "Buffer",
              "data": "1jnOquyuv8YgH1dfJXg7+tucgE3KXSBYHCdbUSVEHaY="
            }
          },
          "vMM825fRY1qM7Nmj9KEzqheF2iikLjMDjidpuc8CJ0o=": {
            "valueMac": {
              "type": "Buffer",
              "data": "5tuPqb3+6QaywfLb1j7fQTXemZ18fdCBtz3ioXAECJc="
            }
          },
          "Vqrsj4y1+Jiji/07T80IKyU5ma3AAWKLTFRM7ixU4fg=": {
            "valueMac": {
              "type": "Buffer",
              "data": "Rh6vnCdj1OnF+P5oNFfC1VA0XFFIaANTR+W0tGkIid8="
            }
          },
          "OVXaCl+T0rMjA/XAqJV+rpp6FV7aowYGiXNbIbBBiWg=": {
            "valueMac": {
              "type": "Buffer",
              "data": "RWgNDlMh11bzDjafYdbpPpmTZhXIIW+WpSs33PeFH8s="
            }
          },
          "Zp6cUXDtMAdJ/YUleAEAKYPQqBUvog7T9Z4yr6TBauo=": {
            "valueMac": {
              "type": "Buffer",
              "data": "LfBPl8XDqRcSSUSLM25Xyu5XwE3rKVDNOEBRZY37r1I="
            }
          },
          "2xPdhte+RlyOH4ZRaoH87tEII6a41WEJllVeVuHzIvI=": {
            "valueMac": {
              "type": "Buffer",
              "data": "ywY0iOGDvvUCCqtLmyoso6MUSXNah8agNNo1XZVNUXc="
            }
          },
          "ymWiOzYPeqtBezltk0ZsgyJ5BHmRuDILDG+TdqokkUI=": {
            "valueMac": {
              "type": "Buffer",
              "data": "9w8YSHg7NdkfGavKASb9ksvyBbScW57jIuIe8Jo/B/s="
            }
          },
          "r2sKrUmmn2tA31/BuelKN9P24KNlqIl6NZciNJG7FW8=": {
            "valueMac": {
              "type": "Buffer",
              "data": "KC4XjaG58PdevE8n0K6ltMNnWxEGQz/lVpqNdgytVfc="
            }
          },
          "vmQwob3OmO2BfaE5a8obyO7e/RGehRFhQrvCJsLTYnw=": {
            "valueMac": {
              "type": "Buffer",
              "data": "s2a+Upi/IR4Y4HQ/jAl2X7b0M+0tS1eQ7ScoJz/NAVg="
            }
          },
          "TgWrCZufy7/30y7xHuuixC93PbblIcHeh4X2XUzbpnE=": {
            "valueMac": {
              "type": "Buffer",
              "data": "ApdUJBkTcgBqkegP63L53pn5zEotJ8t/o08JIcdMx5k="
            }
          },
          "XoltHBRm75BlR9hHa1Kpsk4ZzG0ZJGASJQiVlteNwkw=": {
            "valueMac": {
              "type": "Buffer",
              "data": "aGWQwI68O/0dpvMvos6veWCCOvrpJM1vCZQyFrLFh10="
            }
          },
          "A8vAZRcVjZW8CZOZTuFZlws4kE/566uViyi3Tijk7kc=": {
            "valueMac": {
              "type": "Buffer",
              "data": "eBq1PlWmEY1oSawv1D5MFRwFaIx10gMTHDJkSeao444="
            }
          },
          "nzKQyB03qNLhd/UCDUiFNO0zoNgHAs+GLQzBswvR4H8=": {
            "valueMac": {
              "type": "Buffer",
              "data": "gWeau8LF81+KigaQjX6e9cEVDKGiZVvmPrpU+Kl/KIs="
            }
          },
          "HsDAoTDvfgAbp8DSfRrATET05+iwsHiXsQ2p3fs7mMY=": {
            "valueMac": {
              "type": "Buffer",
              "data": "8ouDVdrQ7RkWcNQylXg9EjG54bTlia4YR0jv/OOltlE="
            }
          },
          "yXV7KljRVUlAL+xLyZ9TilTCABdMGLML2NQ1iT570QA=": {
            "valueMac": {
              "type": "Buffer",
              "data": "mYpgGTvDeMTxOjXCrQ92F24OwViNb0ZZ/4lIiCdP8lA="
            }
          },
          "f2QZb0BLmvOIozjRK4vTEEUAXbT8Gx/R/MPVYUXDDEM=": {
            "valueMac": {
              "type": "Buffer",
              "data": "ezrsxQ9dK6yNG7Id2JW6TOMyUtsbAe5ysrgT28GJUq8="
            }
          },
          "oxgjOyqw5TLbSa9mDEY4wBnvKF52DbXsCRWTC2rB2xk=": {
            "valueMac": {
              "type": "Buffer",
              "data": "c4alYmbFeQ8M+EyKI5kBLAZWSDDilKg0JzvMBHCoB/o="
            }
          },
          "/GekH/EV8yPjZIx3iwoNl7RVdUF+scY57RZP4wkedj4=": {
            "valueMac": {
              "type": "Buffer",
              "data": "JIDMFYPRCb39x33keboA2P5HNt/d2oE8NzlRxEQM+/s="
            }
          },
          "cQd1p6cqKdh/pignHVdrU0LzlyNw+xrYHgeWp3i8ru8=": {
            "valueMac": {
              "type": "Buffer",
              "data": "jMqF5IcVrCg4gPoNs3xta3hq4pND7Xwt5tbiqtap0gk="
            }
          },
          "YojqQA9z20qWy+Vp6UWWAhvOwIOYb9cOVdjcbPiVhwA=": {
            "valueMac": {
              "type": "Buffer",
              "data": "RaNhjO7pyzU6uMx+ACCxF57q/MsCRB108kvrHnmMEO4="
            }
          },
          "0GUma51wKMx0RAF514YgECDVDIfYu5zU7CynnsYFG/Q=": {
            "valueMac": {
              "type": "Buffer",
              "data": "r70aXTW4bMKmIUJDLQ+ob5q8YbqZ6MBORDumFFT3Wo0="
            }
          },
          "JRlOvTk8dvKXg0e9lsC3CxYTJo52drEsx9T5TY40dlU=": {
            "valueMac": {
              "type": "Buffer",
              "data": "qN6stIXmOpvU+lkJjP4LmsOhqfBkf3YpY6M72j2pZnA="
            }
          },
          "clhRWoo5FExkQ68tuJaf3l557jYu7OK5o3BpHYJrg80=": {
            "valueMac": {
              "type": "Buffer",
              "data": "x3LHji0OK3znuUsyYeNHsyPDEg+Lyj1kas81I9b+a70="
            }
          },
          "YOGujqrWNBISSYz1XOddcmsoo5xzJf7Jr6bWHqTQwTI=": {
            "valueMac": {
              "type": "Buffer",
              "data": "MaPPj/VeonUpbULgPUGaZougsjPqNxHqDDeUqqZy3qc="
            }
          },
          "dS3BoFVqPb/SWZexRh3cdV1hH7yK8LMbP7pKzKKWfaY=": {
            "valueMac": {
              "type": "Buffer",
              "data": "E2Ysxk5fPMg7Kzmcz7z+Q6V98kBcF64lrzvFzmUfyr8="
            }
          },
          "gWFh+lIpwOjSgp4pBlZNI4OODLXCumsVErv67wFp+U4=": {
            "valueMac": {
              "type": "Buffer",
              "data": "a5UIo1ARLDNDu0zds2W5LXu2ihQgfclFOQaUQcVGaMQ="
            }
          },
          "LutxYHTbsuw1XDd7DtjT/5JE382neEoqLKfWZYf6Pic=": {
            "valueMac": {
              "type": "Buffer",
              "data": "awJUPN/lOtjzZwa6PQjFU6hOeK9nU7S45zv3JqNrlSA="
            }
          },
          "plALekeIU/7O1Sd148v0JQbbwHqbNGor9kgXgcXX8qU=": {
            "valueMac": {
              "type": "Buffer",
              "data": "++XvenHt/4hit236XA2OYjqDgVkjPrYTstd8/B+CAYo="
            }
          },
          "gTjmT3czTu62BQdZjCf9Sj2nVS/CKEZRg8jNjEve+1w=": {
            "valueMac": {
              "type": "Buffer",
              "data": "8lDYAyHX63tJEZoz82TbbqyZj9NNLZssEpWkpIFELhg="
            }
          },
          "TFhoGZg5MpphudDyA8Zw7AwJTvxmCIhXuHhirHo//74=": {
            "valueMac": {
              "type": "Buffer",
              "data": "+3utuZZhdW8JUTUvnGr6j9saC46NydsynOUJYeR9bw8="
            }
          },
          "qn4tM17XONkeGUaz8e5fHBLk2AuQwfDMRheOs0c+BZw=": {
            "valueMac": {
              "type": "Buffer",
              "data": "Z4sbNJ0CDiwJ8CWKoP8QskUoLa6G1qVhjpmvsbzpm94="
            }
          },
          "eRuudA4CWepTYjhKherBr9ymd6OEcyw0ImNteXyTtdw=": {
            "valueMac": {
              "type": "Buffer",
              "data": "MlyP6T6JL3ZHicWEAkPCnIyW8CCyi177rO1rIq3NmO8="
            }
          },
          "lknK2LJ16br849DFup20vANtv9BrBO/G/cCa1PJBBm8=": {
            "valueMac": {
              "type": "Buffer",
              "data": "hExnVWKmlChv43dCIuiikQ75M1RtT9qzIif2VqD8AnY="
            }
          },
          "kdus5XHNcfVR8Uaaq5jPvYQDt2+anm0u+f0Rd9s8or8=": {
            "valueMac": {
              "type": "Buffer",
              "data": "mkqQkixU9tmbuAvUj+wCsCEZL6pSBDibWREnScUFCDo="
            }
          },
          "tguVJ1NLDmlR5nfpV9dGB896mHpBT+1+TMdAEv8CRec=": {
            "valueMac": {
              "type": "Buffer",
              "data": "8qKzOYq+IQ5Ev7hhF14s6+gh/+ZnyOMLWRRGG5wMXGU="
            }
          },
          "3ILD2AOXAKGIolfCcenW3hAOpX9xuD3/e8Kc9YcfeiY=": {
            "valueMac": {
              "type": "Buffer",
              "data": "AbE3HEb8RQtx6k0+vpQ6rg+9DWr+60qqo4l70pFFwr0="
            }
          },
          "8Z6e4KZY11/4TPoEwQ+iRf8FPW8wxG+dpZ0fis+64Ok=": {
            "valueMac": {
              "type": "Buffer",
              "data": "5GZIR81Co4rq0LdruPl5Hd4Y8x23lQaLhtLg6bDD+j4="
            }
          },
          "HMX0WVVlK0XVYvM4IZGc6mIAyyb2F5qOR2bGF9qyNhs=": {
            "valueMac": {
              "type": "Buffer",
              "data": "hdlQFc6HNJwMPEHnYGkYeNAvinbvId9KgpHtCLEa4Yc="
            }
          },
          "TOPm3yRNmYwMGT5VrpQgYJy29ojeMpI72zJK1RA/8yQ=": {
            "valueMac": {
              "type": "Buffer",
              "data": "MFf5fNDdeVneirG27l5U091SyXVWFky+UbIZ9Gcop+s="
            }
          },
          "AgieiNHLRUujV1wz0A2Tdp8oEKyd0kkls2z7EZf1AeM=": {
            "valueMac": {
              "type": "Buffer",
              "data": "DZeUWhSl0N+irPu78Fxi78QodBWhT8ZHTHtQ1L3NxFw="
            }
          },
          "VTOsSVWjlQn/mv+0JdlOd5iaTG/dlem1FiIocO1G3/o=": {
            "valueMac": {
              "type": "Buffer",
              "data": "ske4/pVKTaG9geFpyUOmfDHmkGmhTjnN7izqScVtAqQ="
            }
          },
          "CqDn8uvD6V8ZGm85ttWTVrzsjoCplx1VoX6VztM/mj8=": {
            "valueMac": {
              "type": "Buffer",
              "data": "7VK8xTKXCYQK5QzE57/uzAkNAURdwqv1SQwUlixtp4A="
            }
          },
          "8hfcBd0oXcnFDEPa1nKNb+8n3LwflybdVVQ5HzJRP4w=": {
            "valueMac": {
              "type": "Buffer",
              "data": "uKYZqylRRnK3u8FzDYGQdRhGR7D1hooNHAZmtPlqHxs="
            }
          },
          "/akJhWpOOcdQkUs/ecch1iMSP85SlxAg6yoQ9LHwZ5k=": {
            "valueMac": {
              "type": "Buffer",
              "data": "qoODn+n4S+qSFFj3UdklQJQfwflbIJ4TGcjmFEKPGyQ="
            }
          },
          "MRZYHymwXaGEGs/kRwCEs/+m+fZI2XHdxg0YUxV1ETE=": {
            "valueMac": {
              "type": "Buffer",
              "data": "oYgPgFnQlkINF/vXWAXTtjIp5pnuIhyhfjDkYA/iCdE="
            }
          },
          "ipvPMuF/VCixmzs81gt6VFoT47Z1T1tUFbs9+WHNScc=": {
            "valueMac": {
              "type": "Buffer",
              "data": "vL7FAAoy4ebgJO1DVPlGC7mptwLQyru/X6jv64ZCmTE="
            }
          },
          "euJ6Vf/h3nTuQY8dHhtEpHuTfedfGKAKwNNytA5rdlk=": {
            "valueMac": {
              "type": "Buffer",
              "data": "UoKVm478GfHsF0fCeiGAkWDdn9xMF/yYDQkLIF89FaY="
            }
          },
          "UTHDavADDlgkAPoBKn2MQ2GkD79r07mtY74MKYBsn0M=": {
            "valueMac": {
              "type": "Buffer",
              "data": "a8PmK/aVLpAf9yakjYKfwOeLtZ5DfR243R6z+xrC/t8="
            }
          },
          "u4yj8VNWnka2Q6pbZKUl+0ZgUGaCL0Zu0VWOjhu/EcI=": {
            "valueMac": {
              "type": "Buffer",
              "data": "RkySuNVnYCdXX1zl0D179W16fjuUZUrIXoYAyq80R1o="
            }
          },
          "a1S6iz/nlXH7rn06czYcv2gj8uktIdqokTCOCM1BRhE=": {
            "valueMac": {
              "type": "Buffer",
              "data": "3tGcnysNuwnFrl98EvyHlI40Fp6/rCExm1nXaDNC9Cw="
            }
          },
          "K8rXlIQwRAJBfws+llfzuG2zh5jTXQNtj44HA0lv0SE=": {
            "valueMac": {
              "type": "Buffer",
              "data": "Z15jE2DD32llbYYTFh/CEnwzYDefXTvtRmOtgVdZvis="
            }
          },
          "UYf4BNI4h4FoYzHIubqsoEpGYCpYU63ANJi4L7J/DH0=": {
            "valueMac": {
              "type": "Buffer",
              "data": "4RMWolwnX6X8wxQJja6JBrSfDj2CHJKWwkMSHniDKAg="
            }
          },
          "0Nn2B8JwAlGM/X9B02zMKBAocK+L6M4iCtDPQEBvSEI=": {
            "valueMac": {
              "type": "Buffer",
              "data": "nC3MrQuVmMBLq2VR/q7C8fRSxI/afqcPsUo6QhPKE8U="
            }
          },
          "d/eIFFn/0fYKRJlYjhAjLz58UvfXC2qvpa9VnUIjeko=": {
            "valueMac": {
              "type": "Buffer",
              "data": "vtFpUlBkX+cd+muH7RKng0hB3diWKv+4dEnaEcTvxRU="
            }
          },
          "ZvM65YczZnGmn95rnBZFlH2e1DqMimXRDjtOs6rDuyo=": {
            "valueMac": {
              "type": "Buffer",
              "data": "W5+3D/kiZf4smB3ypYzss5v3MDUA9/aynILaoCtFYi4="
            }
          },
          "4yMmm8zKxgf8O0Gssny9PS9qR8k7PQNnB4ic3CfyAm4=": {
            "valueMac": {
              "type": "Buffer",
              "data": "H9FCRb9NfU2xkz5vq7Unoeyf3eAySwNutjg44M+y/0Y="
            }
          },
          "CuR+JuzKJ9nT5+AIxyU2s67zNw11jbcOHTemb5ytYRQ=": {
            "valueMac": {
              "type": "Buffer",
              "data": "osXMeAZzaERopLOzgJrJeZrcYT2dIJ+qKUFU8jtNaWc="
            }
          },
          "E0CcZtLMjcFTTeE3BaQIdFz78CAm373An6lOJJYGV00=": {
            "valueMac": {
              "type": "Buffer",
              "data": "oZ6WunppY4AdiZzVOrHsCQuTAMvJjkOJUH4jydGkpyk="
            }
          },
          "dSulORQke1+r2tR9QJhS6Jzz8p5ZewCsxiRBL4qas2I=": {
            "valueMac": {
              "type": "Buffer",
              "data": "l7AKIdOjkbDJDHH00pvTbhksDnNNQOzFvJnh4qEntFc="
            }
          },
          "ESbEnquToMsk5gX7kpFM0HrRuYEow6X0sA/BTO0E7Ms=": {
            "valueMac": {
              "type": "Buffer",
              "data": "dLUV6l2c4V8W3jtAeaw56Wm86o5q0F2wYwSP0/Xw4WA="
            }
          },
          "zdO842pWlAOXIU5YN5HxlHxR6UmnH3BYWeuEGnIGnCc=": {
            "valueMac": {
              "type": "Buffer",
              "data": "7VcMZcNhp9kv+BjYfe0C8CMLXXftFIA8zi6Ol5g3iL8="
            }
          },
          "mBYyJ+ECSukWaX2oStsgURFbbVy/0eLl4eKRAogEzrA=": {
            "valueMac": {
              "type": "Buffer",
              "data": "7NnSaxZnesC1Uxzz0wYXTeAzom8YZPmRFPDO5Um0u6E="
            }
          },
          "os7YbMDzx8NW8p6dqbjHaZ5Vsrgu+/zBiSgltHFau8g=": {
            "valueMac": {
              "type": "Buffer",
              "data": "kCv+g7e237VZGVnhjkLtU1NzlRV8+Lrdbw6uyKwUay4="
            }
          },
          "ZPaSvd5PoCCkLgt1zsZd41BXaAqiuMRqPZo5aj+1Oos=": {
            "valueMac": {
              "type": "Buffer",
              "data": "EuF8GYeXhVkMQYWTUQPoll8qhBj8W/riC2Uqn4fC3BU="
            }
          },
          "BJl80gpxyoadV9KXkOnhbPRn9W5LDnyIuth2ru+Y6MM=": {
            "valueMac": {
              "type": "Buffer",
              "data": "4LfAuVv7R7Bnpp2T78+u/gM5j3GihtemMlk57WT4gV0="
            }
          },
          "MLpHCSeDHG1QWivGh++0q1HJT8mFqpbq/UhcQZpTC1Q=": {
            "valueMac": {
              "type": "Buffer",
              "data": "2oaw3m1DWPCv/jMDVyxaN6lfF+i1EV3PwqdjPKIRgrg="
            }
          },
          "jvLAVejkQ5VyHUf5Mj6QRAIMWxTtYBTstttZruk1ZCI=": {
            "valueMac": {
              "type": "Buffer",
              "data": "YODyWJoJfrKp2cpuOwNx2wyTZOSr6FQq0Qh6/7HGMC4="
            }
          },
          "w6kfYzOk8OT03QksreIS83oiyuA6hzySmYf88K8yt0Q=": {
            "valueMac": {
              "type": "Buffer",
              "data": "T15rSnyKrDxm8ZjAw7JxqS5O3vG487tQQfcFZE0ookA="
            }
          },
          "JnzKE1K0ITmRKpZyXHeHIyBJw2TOiafRdMBhNHVnFZM=": {
            "valueMac": {
              "type": "Buffer",
              "data": "20tCiuY+hbdg7D+e+eVNiERQsQSGR2C7kRPyMpgt9R4="
            }
          },
          "jh5Fg6Pv2M6aYsXax7F8XuHfzXDBtxMWu2SAqH3dnd0=": {
            "valueMac": {
              "type": "Buffer",
              "data": "jMBohz3we/scoH4cwJN8z+YHjRNxDlbG/BrUYL4fRtg="
            }
          },
          "uqae8yif7B2nAcqaPHe79LAv+pEi5o7Vh5m/OHoSmB8=": {
            "valueMac": {
              "type": "Buffer",
              "data": "rheGt4ScQ7MHIlr06KP+T6Uqor+wKiL3qXbz4U7iwzY="
            }
          },
          "8NtUxv2Kavhw/CyJGel08HZuQO8/SJAmyWpU71OYLcU=": {
            "valueMac": {
              "type": "Buffer",
              "data": "ypgcwvLBXZ+ekjbkcgEIJKEjtKajvdR9ODncy7Lcb1Y="
            }
          },
          "icRyggjwc0enZAcCnuPCOgc3JSSRGZQg2Sp04/l5pm4=": {
            "valueMac": {
              "type": "Buffer",
              "data": "Of82Fyz2VNMWGPVYv5slTvFlHvUVkRJBe38J7uZbYUY="
            }
          },
          "UVuPRMyPhlU1tqzMSpcle2aeiz2U6EYCw+yGFJCtDg4=": {
            "valueMac": {
              "type": "Buffer",
              "data": "z0Pd+MDsRefSavPZQsxxOEkjIh7AlxBf9RQvzIgXmuM="
            }
          },
          "RzGfdQobizVS9pxjdKbplhmyUPCGox187iV99GCltKk=": {
            "valueMac": {
              "type": "Buffer",
              "data": "hxeDV0WAGcpEJ/t5KPDQ45d0YqrcY3Swh0qqckk6T+0="
            }
          },
          "qwP62hntBdGpgWHIkz7Aqm6wKbSdQ1Ji7OvpPzrlHsM=": {
            "valueMac": {
              "type": "Buffer",
              "data": "H+UoFLbqiBL213mLSGz5NIbFWaIMlcsNvw9KKUm9/BM="
            }
          },
          "Qudf4ZERNH4P678xx9nsARlO8SzWtE5FEZBURD18C80=": {
            "valueMac": {
              "type": "Buffer",
              "data": "cUA5Ebru0XtilYFz1RcLSmCVEHuzVaqy5TfaReoKQjo="
            }
          },
          "T9pZyBfH/uK9UuYque1sK5ADum3yWdQJvF0OPEk1gBU=": {
            "valueMac": {
              "type": "Buffer",
              "data": "uER2S7uzRHMljvGrRqBZn/obWy8o7+YwiDVfRpbDG6o="
            }
          },
          "/F22k7c+h+alS/DEV9LBlceQDK9uAuvqaCuR2R6Q7fs=": {
            "valueMac": {
              "type": "Buffer",
              "data": "ToPySdXoOFqFFB/5Ck4rHR/kdnzYpYYm305S46VyPfQ="
            }
          },
          "OUVs9gDvubu7zRkFXL6wz6WaNxfnw2PqypxSz1zS1rg=": {
            "valueMac": {
              "type": "Buffer",
              "data": "GtxpsKsQIAaEqPztzpzm8f57/99HJVwdyFQcR02MkM8="
            }
          },
          "ikjMgH8EayYYyu8jEIJ//oTmAk0OamkXrA8KBefgQwo=": {
            "valueMac": {
              "type": "Buffer",
              "data": "HoHSlhpznLedZtSCk/9JBJJUyQ+JH60/lI59XldhQ6Q="
            }
          },
          "vj2nVLHlOagdU5uDWpN28ohBwqrCbpH+h+7u6cvAZv4=": {
            "valueMac": {
              "type": "Buffer",
              "data": "Q8BUWN0oZUP7xtO8vQLxNEPIySk6nN344UEZv/GT7Q4="
            }
          },
          "R86A+NXNac7nUfLJG/5zmNaz5N7mDVqW57AepEaJjSw=": {
            "valueMac": {
              "type": "Buffer",
              "data": "Qx0w0qow1mmY9ikgpHN7343zOvT1TVcR5rlQwPUMl5k="
            }
          },
          "u75MbIxPLCWrrlvbcuHo7Tvei6sQxKeQqxX0LHnVKow=": {
            "valueMac": {
              "type": "Buffer",
              "data": "Hlsc44nLXYLNgZSC28TsfX3bpehLRm3mnsjVG8Dmoc0="
            }
          },
          "iRVrzLVDi+BG6uDzkqFTYOPfwKHs81EdLjom4gmvfJI=": {
            "valueMac": {
              "type": "Buffer",
              "data": "L+kjAERAtnU9FYAbdN2nWR4OwqacLDKQDcLXUz1n5ko="
            }
          },
          "PQ0F96VoGJ77tOJGuonRyx8/E5KHJglCvs0pIj0TLA8=": {
            "valueMac": {
              "type": "Buffer",
              "data": "QSVj9hAW1F6REB+Xp22ygY7V/VjAroihULp4xG1EfiA="
            }
          },
          "S/oqF19ZzP5Xc2aeQWb2PNbesqtAvq1YUNCSJmBptU0=": {
            "valueMac": {
              "type": "Buffer",
              "data": "EAXrn632kfCJ2Zqj24M6rz1h+4UDQ7LDph++fDQUuyE="
            }
          },
          "NpnRKEGw+6pgeHChaYmUUzqeTaowDBy3exkSR2Cq2xs=": {
            "valueMac": {
              "type": "Buffer",
              "data": "IWk9CCs8gC1XEoCKWlhLWdYf0dd1ED/KeX5TfoN+l5I="
            }
          },
          "ZJLygR3Bk13H8q2NRSwzK07F/xh99Y4J9u+EvlBHyrE=": {
            "valueMac": {
              "type": "Buffer",
              "data": "V65HrjKQeZCBit8GJ6IF/4ZJA0GK84+XOjhSCyNAzaE="
            }
          },
          "AuZfCDbDufcsnZQR1Y1/DZrvzSgdj/OT4c3xw16/7ic=": {
            "valueMac": {
              "type": "Buffer",
              "data": "UasHzrGt5A92GzLDK7x+WHf9EwG9Vh14H/Hfk96et1U="
            }
          },
          "aSTx8QlNSk0WSNXG/vDk72gxDxQBg6LEGtzI+/dIn6c=": {
            "valueMac": {
              "type": "Buffer",
              "data": "38sGw7cQP1M/TNFg8UIQB8nepplOw/Sm060Hwd0YIj0="
            }
          },
          "d6g9i1pxoxK8g/huySt2aOC1vcnpqY7stW3gPYtVI88=": {
            "valueMac": {
              "type": "Buffer",
              "data": "g3SJDoWxGo1aBftAsR0FZJ6jFdXREIkfWuNlUIPToKU="
            }
          },
          "ZY25yAqtSnDFmGZPFLL5Z1ibtvRvH52rO3NHCfFDu1g=": {
            "valueMac": {
              "type": "Buffer",
              "data": "bevTbCas7KajsINZ4AkLneVDCb1gLMh8ReZtOWbBkVc="
            }
          },
          "zdSRVPN2zHBEnFx+/97y7wA4SKoiVaOiOsxM6cWQzLo=": {
            "valueMac": {
              "type": "Buffer",
              "data": "RYnhlOXN6BlseIBDmNRTkp7S525u7MHiKMSY9KK1Uqc="
            }
          },
          "Qj9us/DLStHTFqGC+LTTb6FW90UuaSZn4b0Sgh+DaTQ=": {
            "valueMac": {
              "type": "Buffer",
              "data": "8dvKQ159ofG1G/kQQNnjySoR/QBbjgyrYL9dECShVP0="
            }
          },
          "9O3i+PNBdNfQc1AEgv477PCpHWybnofFhveDOBRgQgE=": {
            "valueMac": {
              "type": "Buffer",
              "data": "n+8c931XeooviBCmIWjbdtUuJAoeUUjLx6HTPL46P/4="
            }
          },
          "qiPfPmc3hQgup5CigbxqjC8gaIAjzkHJKVXumCGD/yE=": {
            "valueMac": {
              "type": "Buffer",
              "data": "HwfcM87FrQsErc1yFSDFaUFnGlCp5sBfcaRSqMI3738="
            }
          },
          "xtw6mmdRW14AXHnXwHSBpXX+NctSLl6mUoAuNX+eTzw=": {
            "valueMac": {
              "type": "Buffer",
              "data": "JOHsUKKnP74KB1qZo3TGbj/0d+qEwFL/i3RDi9waCV0="
            }
          },
          "hk7S2eZmO04BUU1Gzq7Q5D6WqQEiVOuI9sRVvlQUGkE=": {
            "valueMac": {
              "type": "Buffer",
              "data": "pIqvMHXbs5WX6ECxBjyGwY/dbngA+EHVplwXJcKkxAo="
            }
          },
          "9jZsJTcF8FXoHgvp09wSkDDkjQMfXm30ceUdZp+Jdqg=": {
            "valueMac": {
              "type": "Buffer",
              "data": "nFSnM5/vxPra+99FVSFdGeycWc1zUKJjbx50yWg3aCU="
            }
          },
          "Cd9U9KTXlDLt5dte8033Pno8bOPhDXdtwWoiF4IYHOo=": {
            "valueMac": {
              "type": "Buffer",
              "data": "9EBPgBfue+da00g0fi2kZqM2FvWOcVcAWGHhVNBNY98="
            }
          },
          "Ub2TyCuKR+TpcGduTAkzTuC+L89cwi4wJgNu7ad42bU=": {
            "valueMac": {
              "type": "Buffer",
              "data": "PyVZ1yy5rJ8Q/LS4MhG9H6uG1rdvPmpr2hujVptIRCo="
            }
          },
          "VlEcF0k9LJ87oRLykn/slBcvlz+tZpGk1nd5+4k3aLg=": {
            "valueMac": {
              "type": "Buffer",
              "data": "na/2SkHAJc8pFVOve+Hh79JYNvsUch7WrkxQpZ7CSjs="
            }
          },
          "vpQomNxQJeULylQ4yRvtWPwYVYmvUoxR18FuGlLqgXY=": {
            "valueMac": {
              "type": "Buffer",
              "data": "3a5oAHmp0xBAOp1uw2BznkIDa2Mj8lsEqsPa//cpbTY="
            }
          },
          "PywHWH41BiZfBC7ZZYRi9d1Oyk+pVarweGx98sMk0kE=": {
            "valueMac": {
              "type": "Buffer",
              "data": "sGVrtjD3Oi3zqFwtO5FVUZRv+aYJWNVtwHP+cal0s7U="
            }
          },
          "hd1UhSeaSGryP+KfuLhgCFjp7urT6dyajSx+iG4KAVE=": {
            "valueMac": {
              "type": "Buffer",
              "data": "eCO++h1osbT7NUssC3MK0P02jwtx9Fs8weIbj3Y7fK8="
            }
          },
          "4ZBYzTN4SihASo03VJ0WGMLlo7msSrOTSATBBrLCik8=": {
            "valueMac": {
              "type": "Buffer",
              "data": "O0ptVXyTKUbbHuW4t0bySFnQAjtQr8zd8iXtU6QJsKc="
            }
          },
          "6SU4VwAh+Y1fWLJcxOZeFK8USNmScYjMzEcti8/cGCY=": {
            "valueMac": {
              "type": "Buffer",
              "data": "2Ktq+v96E0TrFWPn367bBHb9U3GWc7F3qCeD3Gq9v0Y="
            }
          },
          "8HOrF4WfMpZ17b0C+qL6Ht6sg/gZDgEK+7knRNLocDA=": {
            "valueMac": {
              "type": "Buffer",
              "data": "6yIFRC/slnmnugxcv6aImIbNhcGevnZLE41QQTkfuaY="
            }
          },
          "pAF2U1woztXbXxxmeXJnH+U9t6XgBlMld7loJcanBJg=": {
            "valueMac": {
              "type": "Buffer",
              "data": "lCbMPdtaZ2ywJdYhFc/ai1pQDE2ZDHyLaRfaIr9LtuI="
            }
          },
          "pmWlvVY24HGcQebEWrc3HTU/+SDYT8r/Q/Bd32aGJr4=": {
            "valueMac": {
              "type": "Buffer",
              "data": "uD9ldOqcV0BFPLsBlwNz4nxzcPAi4n/tYSfpUTXCVZQ="
            }
          },
          "jLDh8nSan31mn1TU5dOPgTCoODWjdEh4H/iG2Eq7PeM=": {
            "valueMac": {
              "type": "Buffer",
              "data": "6rLDXW+1TAhqaCizglM/laomNgrg3SW2301odeBxv9I="
            }
          },
          "qANlpf2QyPMO5UVRfecZyV30xnrWdMo3W4mkkoc6sx0=": {
            "valueMac": {
              "type": "Buffer",
              "data": "30nnvxb883kR30ZeSyetjCI3fCoh7qprl/BX/thWVn0="
            }
          },
          "sRk6INMxpi7/gcIyOD3URbID9GkF/Eg7R47GxYVT7Mw=": {
            "valueMac": {
              "type": "Buffer",
              "data": "QxXMxgbObeyt1Xy6o8twHAcDZE5AilDvtFBqAD1e0KA="
            }
          },
          "iKlhAzdMMskEDDiAjUQfH/LAi+iXXoRoismYUjzCdic=": {
            "valueMac": {
              "type": "Buffer",
              "data": "UX14fulXxyixIKItgBdiwaU28KMiNPKNBEROvJnCI/8="
            }
          },
          "6FrI48nIT9LtT59Ba1IIT3vfqz7xkOXtf9ilB2DzrHA=": {
            "valueMac": {
              "type": "Buffer",
              "data": "fvI1eO9XdCVQumHsetskrXmPIhouqGBSo/gt58YtMH4="
            }
          },
          "jFRxxWHiNcSw/RfgGO7F0SYUJ+YqmO2p8V5M1bUSIgE=": {
            "valueMac": {
              "type": "Buffer",
              "data": "tISV/dBEFVHOegTEOENJJ40yGudCrfkES88gr7NKljY="
            }
          },
          "nBqRypDf+mqJVOv8s28M41tR/ESg+oVayhRWNhjURb4=": {
            "valueMac": {
              "type": "Buffer",
              "data": "V25bmFsW1lt3Yh4Jhh/18wfKolAHuXZG2poGRXYKQH0="
            }
          },
          "7P+ACqa0yq1u1ArfYZGg0+rn+fPA2N0kV+/QwW5XTe4=": {
            "valueMac": {
              "type": "Buffer",
              "data": "nEVFZRbIGmlfng0UBTP+y0fq6e22vkG7oVYOFfMH4jw="
            }
          },
          "m5raVwoxgW3VYw8IR9Qao82w0DjLeSB7zycQ7k9UElw=": {
            "valueMac": {
              "type": "Buffer",
              "data": "s+LAA/6xaHXNWHrCPZ+QxYmWXAKmfJA9ZeYF5ogIeqI="
            }
          },
          "wzmyWOUe6VMjxVjhTnZK/i47kGc1+Frpojtp2IAqFt4=": {
            "valueMac": {
              "type": "Buffer",
              "data": "PicO/ScWnwnevM3WmPbzlBBe2PEsz4qCIRkAP5R+Lks="
            }
          },
          "6wNJKEU8hM70glqM8p8zQBOw8vgnLUtgi++obS84BfI=": {
            "valueMac": {
              "type": "Buffer",
              "data": "oZibRsVCGGlHfAEHu7DUkXt0C9b/uy63NklJ5vQJMnI="
            }
          },
          "Aw1K7wKIZ0XNowA2LGZVoBrA0uXfemhEYagtonYhlPs=": {
            "valueMac": {
              "type": "Buffer",
              "data": "VEo+ZEvDCE9eshG4Wf44AslJCcHk4aJamhimM0UV29M="
            }
          },
          "cT3MBqMHq7sfhCNoueGeRHScnof5uzYTVXAuPDfcHu0=": {
            "valueMac": {
              "type": "Buffer",
              "data": "g4zSr1Id0yEw73OwznnvHApb6WEvcIVgUwfi9mQdczQ="
            }
          },
          "yWfbeBl7SWiqrX5yVRTorK6q3S0nA7WIl5Wh379Xm18=": {
            "valueMac": {
              "type": "Buffer",
              "data": "g6rXSjunRST/QWhg1JtoInDPBTDGD+1Ghfb7KQofdHA="
            }
          },
          "CKQoIYx+viMQNTyhpA9jT08ORTmqBab/0V0DTPBbJfA=": {
            "valueMac": {
              "type": "Buffer",
              "data": "3FnbxgJh5/1MpEIKDbBGx6iAH+/27G14HtPxbGLzJrw="
            }
          },
          "EtotD4ntJU4uHrwSSaiZn63Sgi7A3LF0w+/zoSr8aco=": {
            "valueMac": {
              "type": "Buffer",
              "data": "GnLcpDlfl4zspyTHTN8xYyR5cRU2nh7nsIIRTZIfnUg="
            }
          },
          "G36bgAZmT2gb0BA1xlAGVgxMCkROOERs4VBfb31Wysw=": {
            "valueMac": {
              "type": "Buffer",
              "data": "tZo4ZJT0nqe5jOgEt7cX6gI1JD2OQYWgRhwBo0BhM4M="
            }
          },
          "wQcXWtH50ptLjEu1efccx9AhPBws5SQNH7Aayx2IXQs=": {
            "valueMac": {
              "type": "Buffer",
              "data": "REsQLJo8BSZ74iF2JlWPdaN4PPd5Y7SUt/c2luuoff8="
            }
          },
          "1vBib9e8grSetHlC3jqkLb1+ZcnNCcbgzfb1a4NXzbI=": {
            "valueMac": {
              "type": "Buffer",
              "data": "7HMtUXj7N/b+yAHgd/af9HshgZZ/dIDUq+TxTqgC4RI="
            }
          },
          "+nCLL4PCd5UOe8VmZbTKTGqpIzdG1/IqbK7WaVhp6aY=": {
            "valueMac": {
              "type": "Buffer",
              "data": "ObzvAh0WldaAJCChjUMRtPbwIUGGwspb62V8FU7oif0="
            }
          },
          "xivm6ghsjnOSFVkPKH/GAJWDz/p4OhVd3blwpKsTLWE=": {
            "valueMac": {
              "type": "Buffer",
              "data": "Y6q3RLCItIVa2XmPN5pKqxUO3ukFdTNNDmtM2VOVdJE="
            }
          },
          "ehT1TvVt16Hf9JAQfSksioDWJTzv5sGhxbBokBF2XTg=": {
            "valueMac": {
              "type": "Buffer",
              "data": "xyG++VFvqiT4C3BNJpz2qQ9c1k+blBxwdzAzyj5J0T4="
            }
          },
          "EG37qItHONB5WqZ+pKm2nrm5CjN4BydMON2Ks0YOecI=": {
            "valueMac": {
              "type": "Buffer",
              "data": "s7crWLMUtW6ZOJFOA7clUtLEiVXfs4qLvgKCY9BKWRk="
            }
          },
          "3rSC7eJR92qpd56dChaao9GqToOUSo6ynGipn4dwAww=": {
            "valueMac": {
              "type": "Buffer",
              "data": "PMp5JAm+KJy0KhYniDIfy1lX2s4hYhqYFJPMfFOuFAE="
            }
          },
          "KOrekFTX2Rwd1XbmYRXR66gTGB4kwWq0e9eR5Fz2NbQ=": {
            "valueMac": {
              "type": "Buffer",
              "data": "xyYgHQnSJ3nXcLDKuzoazl0xzuoY8Aq8hPl+a2xyqtI="
            }
          },
          "7UrGcNvwYXDeiDOBDiGAd9oga1L6LfkVJBVNnf0rHM4=": {
            "valueMac": {
              "type": "Buffer",
              "data": "gWbBYiWE0M+dxD7m2ccBFXesp0boxehrVl+HqA89o44="
            }
          },
          "t08xzwWfv9AFN6k8VtAWfGnaFumuT7z51/A69Qvd+vo=": {
            "valueMac": {
              "type": "Buffer",
              "data": "esxYkUZjw0+f4uGXHZVMT1cT64C+XnQYndB+eOuZTM8="
            }
          },
          "1y2hGEoK06ItjqO3Nfx3NEMfsoqYN8pSLUXAq1O0Bsc=": {
            "valueMac": {
              "type": "Buffer",
              "data": "xGPReDl9KUDJywJsr/GpTPOe38Dm4RThe3hFRgJo6Bo="
            }
          },
          "zUFwxNsCyIrvwMkYNsA1uJVzBPPv1PH3eyQWWgCEwiw=": {
            "valueMac": {
              "type": "Buffer",
              "data": "THhZVJVczJQbTgA18jMM/SijlOWqmqdTVFd996c9BsI="
            }
          },
          "JJM8aNEnyCMFgkfqeUllFmlly4usnCVvRpWlosSmYu0=": {
            "valueMac": {
              "type": "Buffer",
              "data": "ccXnWYFrLw+LJkLWynYl0Ixcw11rwol+hzRRvyD63K0="
            }
          },
          "RpcfNJRsUMCd8OWsIysGI0g8Lph5Y1qiy/VyzHBPjIs=": {
            "valueMac": {
              "type": "Buffer",
              "data": "jpPM5dx0Etk+l9WA3kX0K6A0jmpZuG22PL7v3NJCwv0="
            }
          },
          "8TrnByvgoYoMvGTbBimJHMWIetQUVdKbqI/A37kgq5Y=": {
            "valueMac": {
              "type": "Buffer",
              "data": "P7YbVlXXbXzoRqKvLjZnY5me3YfAp1f5bTEPbdpaA7k="
            }
          },
          "gJFA74SDAC+UjnCGgI/KJDHVQ0mMTTbp9WVGPP9f7pA=": {
            "valueMac": {
              "type": "Buffer",
              "data": "G0UTarxyECn4usdDw5fqfZDAqHAaHRKUs70Az6iHABg="
            }
          },
          "YGkYAtMABZR0ciVK9KZphxz7LGBo/XXLpla08k5c630=": {
            "valueMac": {
              "type": "Buffer",
              "data": "Q0g1+dp+D3RpNUugbhROPfB4s2ttZEQA1jMTp0IKiFY="
            }
          },
          "3a5N4MQNMOP4eDzbPwHXgvAMhmkJSzWz/8DFt/xFAy0=": {
            "valueMac": {
              "type": "Buffer",
              "data": "aIi/dGQCqy+VHVX8vacfjDO39Ck/XKcGkXb0di5LBTY="
            }
          },
          "vx442r7XQ38A2UkqmFcXPMaoCMTXvLeI8VWk9OrHxdg=": {
            "valueMac": {
              "type": "Buffer",
              "data": "v+nIaBjRCsl97EHWIKwk39y0Rypac0iLIO1WX7WSyP4="
            }
          },
          "bPvtzD6yEeCKOYCGh9M+eZKmEGRu4WfpDz0w5E3lemI=": {
            "valueMac": {
              "type": "Buffer",
              "data": "4wlMzJ7/wCzzKs+wBH5CISYIqfnbVal7E9Q+Rik/YRY="
            }
          },
          "K4axp7ITg6UY71wIAbMMarCYYcihNU9ehG/zjOaudm0=": {
            "valueMac": {
              "type": "Buffer",
              "data": "1eWJRLC/7BIG2fvkpm+PkAbg3FCpLGk1xr0xHPZqCZs="
            }
          },
          "J4yw2Mdvd8NxbeRWlTGqzv/E4fSVzOFoUsQRUHwk4xs=": {
            "valueMac": {
              "type": "Buffer",
              "data": "nWLSPv6HK3Tr38l7mugM4NCMdEafvWxBt8TJ6IRUjzM="
            }
          },
          "2bActRp4ZpVsK2sk3uK3r+IwC/UiJJu47ECo1JFW45s=": {
            "valueMac": {
              "type": "Buffer",
              "data": "YyVJfUuiK3Rg0n2sKqFrUYPiv5VkRzDbi1gTi4feRho="
            }
          },
          "CDLiQgJQVPsNopdbW/BDoXVEtOoo44xxO+uTXOU/fY0=": {
            "valueMac": {
              "type": "Buffer",
              "data": "8Sipux4Ep9XQeJDkyFajknTAstbxImDRdwWUKCcJ1GA="
            }
          },
          "HZHMI51eY57etCcCUDzN+pI3B6kX1k/Fdx2ZL/BqSss=": {
            "valueMac": {
              "type": "Buffer",
              "data": "ARPF2SxC45DcyMtp6ilMPWzhYisKAF7or5ZVEopPgtE="
            }
          },
          "46AfBhDtS5JiMhhzLlyhUOu1fqc7t6yz0w3tYQyKmJ0=": {
            "valueMac": {
              "type": "Buffer",
              "data": "JFeyJ3PQo7A4DOwIfk2XNe+b0sBRulDyd6sYPZnRxMM="
            }
          },
          "Gns+9eGb9LQF3jUvEhqareE01hYQ6lW7PT+9kP0WTyE=": {
            "valueMac": {
              "type": "Buffer",
              "data": "MeFOKeJefJSe/RNEt1MvP8A3r9FoJNW3A/XCDhJcLuY="
            }
          },
          "FA3jzHsyPrtHkpZPtTEKqE8aamVsUEWxvOYe0eE+Cc8=": {
            "valueMac": {
              "type": "Buffer",
              "data": "sXXX8nMztf1hNj6f7pzmdYmJ6SPURAMpHsfptkd5SN8="
            }
          },
          "M0Q9SRoil6EIU7S7cL9ALRuQVGPE8ZLI2/WELjgIoTI=": {
            "valueMac": {
              "type": "Buffer",
              "data": "jiUNiBmbNlDDsp5hdjk2WZBaCsTyQ+evgQoNjdfPlqc="
            }
          },
          "5r65gSFt6twpDY7uSSzuScjFFvSTQQ+sx45UlRJFa3w=": {
            "valueMac": {
              "type": "Buffer",
              "data": "H2XVOMZ+LBWk2dX/tjyaK9Yt0fmBHIFKOmJ384Rzykg="
            }
          },
          "wifU+uuj9CP5E37x+o9IkUCjOgkz18L9BqGTZEJgXGA=": {
            "valueMac": {
              "type": "Buffer",
              "data": "udBQFtvIJWQR5NQDcFqAe/YZgIk2FbDpwytlsbiVkU4="
            }
          },
          "MS1PF7f6IqTGZFlHkUEzohQZTGQ8YuYjx2YWbx0m35w=": {
            "valueMac": {
              "type": "Buffer",
              "data": "NWWH/VAxP8h2PAKNyjpgAfz0so/QU9NMHFjJQDD5DjY="
            }
          },
          "ruXtlR9S8eUNKMpen3GKLv65pAmulUCQp/DEb0VRutM=": {
            "valueMac": {
              "type": "Buffer",
              "data": "NM7YNGpGEnPxauuAVgcn8gxsQVW5o7k4+6vGFeoZkys="
            }
          },
          "gSHTBy1W+ty0xhHh6TFWI3FYFlZ2PZSMGB/2ygNGC8k=": {
            "valueMac": {
              "type": "Buffer",
              "data": "nQudsY5lKoITP/PZ6UEweQeXEAof89V1GIviKKuqrDk="
            }
          },
          "5LC/2yg6LBLz4VG3SbriTs3/q3OtF///MI2xufShAaY=": {
            "valueMac": {
              "type": "Buffer",
              "data": "4pKMy9d2gU074VpXedURhwkAaIPaRXDwo0ll0ecJ4oc="
            }
          },
          "tryMDkfmQZ4HsWnb1Bj/j9KGETPw3UrDBT+v5jua/g0=": {
            "valueMac": {
              "type": "Buffer",
              "data": "QD6iDpH/2JE2GOuHPxj1yyZYbcKFEyNSSHPOAmiL54E="
            }
          },
          "BKtFpsQoZtApmyRjpHX+APelJV5kBpsqAQtRCK0txXw=": {
            "valueMac": {
              "type": "Buffer",
              "data": "xDHr357/LXmWgLi61z/KJoZ0do27LCcNboPGbJcyCdQ="
            }
          },
          "pKOlxDGu5hDUUOO6gFE0BL9buPtMsaKIp8c6iN8TwVA=": {
            "valueMac": {
              "type": "Buffer",
              "data": "135K7ZPbPn4EA2aoxNKTZfMw/qkGjJs5CMCB9+M2v+U="
            }
          },
          "z73ug7ratcnwsIKzN5wnvII235iW1XsR8rxzGU+km7k=": {
            "valueMac": {
              "type": "Buffer",
              "data": "vFEIjkhQYHuKIfvaffUofAyRPE7UDm4PHnnV80ip7sw="
            }
          },
          "5y9eYFsYqP70LHeGj8nST9fzJ29SFszHfsxxN17RIX0=": {
            "valueMac": {
              "type": "Buffer",
              "data": "J9mZ31KsMEh7Cf0R5//frdBzMU9MOjrw/mVQyATFFb4="
            }
          },
          "E2eOSvBUa/EmSXqlaHy3gszPmTE8tZFOhnAfM9QyDK0=": {
            "valueMac": {
              "type": "Buffer",
              "data": "bOUS1FnLRN4GkA4Hli9OXv5pCB7a4FYeotrVxJJVBfE="
            }
          },
          "c3y68SgNIomztyf7v+SUWpZO8zPQ7GsDnZaXWxQz4eE=": {
            "valueMac": {
              "type": "Buffer",
              "data": "0Gg9f8f9xO5hANhTj3+WqP4B3kMtPatMnxg1YYacy+E="
            }
          },
          "jL7S8ccIMtM62pubduBhRm/c1RFXEkObBu/4AiCI1KQ=": {
            "valueMac": {
              "type": "Buffer",
              "data": "OlvQrhwO4ZvSyL44fqAKvTn+CpS5dPUIFYHa5r62WjM="
            }
          },
          "fehvbszTE3UcI6NKNR+qINr/ig9jzbOVeZXXiheB5N8=": {
            "valueMac": {
              "type": "Buffer",
              "data": "563QI04ExMd3gF+87RYvPieDV4ml9MXjqljs9IQrh8c="
            }
          },
          "dhwzyViweNrYhnNI26DnxEJKMu+7njHe0DdPnlHr+FU=": {
            "valueMac": {
              "type": "Buffer",
              "data": "hkyeg4TV2hgwfiaP2Kt4GIF4ED43/ve8pRtHhEk4Hf4="
            }
          },
          "PKQDlcb/QMnKZPQz+cAsAfleOFSuaDzaiR54H8sg4uU=": {
            "valueMac": {
              "type": "Buffer",
              "data": "G9XId9pZ8MxL39UpDF+RRJ5fuyb17UL3pDpb4HAMKuk="
            }
          },
          "ZBILxN2SCo9cRJtBv60qJ0hddZSwUtNJ5B0sSqjyJVc=": {
            "valueMac": {
              "type": "Buffer",
              "data": "jwI2Cg39VMe3sxnmxU2Jo6CGj5IweoDd7Yi+dfhwHwo="
            }
          },
          "jlgabMsY5rnLX5TzM5z+Y+yxHDHP8wTb0Fl0ASpacVA=": {
            "valueMac": {
              "type": "Buffer",
              "data": "OzziNinQRt5l2iBDPp7vJnLBE/ezAsAKV9rusVypXYY="
            }
          },
          "/msrkMF1aBjfxS+/WMWGkqn/sZmRp0b9pePIXVgGDNo=": {
            "valueMac": {
              "type": "Buffer",
              "data": "0ONFr2Q9WOMGNgxpseYYuRtStALDxv41oy8IrwYHiFE="
            }
          }
        }
      },
      "regular_low": {
        "version": 1,
        "hash": {
          "type": "Buffer",
          "data": "Vmi5u0b+oVRENVhrkoh83tWS1VqqwuJgduSmvOXFpcoYEEMcEoRmgjrTcpoBm/FUNI5fyat5eLqOWtoonFRIdaeCcgn5WSxr1MQ8nBIYd8BrYz/+lXpQiSuh99b0i/YU6NvJD2UWjaaxyN2aBXPm6amKXhq1Wsh2B+m4yV2twxM="
        },
        "indexValueMap": {
          "ts9ublb8iDjj7gddXZDHZpQHOk7DSebhft8tPrxISaY=": {
            "valueMac": {
              "type": "Buffer",
              "data": "OL7adtwXQDKBgz2l1qsvy/YlMGrCICIGCaZt34bHQl0="
            }
          },
          "kRKl19QTBmJdY5yv+x/OMNQNqLhlLyGDBD3m0+X726M=": {
            "valueMac": {
              "type": "Buffer",
              "data": "+VHr2DVcDzbpCqudAgi5Hh5SeXvCv2fYlqSiZBGqxYY="
            }
          },
          "BieAZwI4m57R6wtZLgj8dix7syYG32GYkz9t7Lq1XcM=": {
            "valueMac": {
              "type": "Buffer",
              "data": "05RG6VXQ205VowbPjWz/ksCg5VTiNmGbGQgrPzfanJ4="
            }
          },
          "ns8wIOnaskfvYWuJoXCcPAiSBkAzb3I5NcqGcdNl4Xo=": {
            "valueMac": {
              "type": "Buffer",
              "data": "JQMB9h7iYVSp8Ot9/aMxe852GCg7yhZluBX3zmsH9Ug="
            }
          }
        }
      }
    }
  }
}